Date,Production Line,Vibration Level (mm/s),Temperature (Â°C),Lubrication Level (%),Cycle Count,Energy Consumption (kWh),Machine Runtime (hrs),Downtime (hrs),Bearing Health Score (%),Next Maintenance (Days),Mean Time Between Failures (hrs),Mean Time to Repair (hrs),Tablet Defect Rate (%)
2021-01-01,Line 3,3.65,82.2,62.32,16474,440.98,21.57,0.6,83.27,22,232.05,1.96,2.34
2021-01-02,Line 2,3.93,86.85,87.8,14507,344.07,14.23,0.51,83.07,28,229.05,7.65,2.3
2021-01-03,Line 2,4.72,75.72,53.87,14214,422.94,22.25,0.5,82.94,28,225.98,6.57,2.1
2021-01-04,Line 3,6.9,69.04,62.46,10513,333.25,13.3,0.79,94.14,21,152.51,7.0,1.31
2021-01-05,Line 3,6.94,62.07,79.71,6787,417.92,19.03,0.12,95.56,16,232.54,6.51,4.61
2021-01-06,Line 3,9.2,70.64,73.34,16157,501.19,23.21,0.49,94.86,9,208.65,7.12,3.27
2021-01-07,Line 3,1.54,76.17,82.97,13892,411.55,18.19,0.5,93.14,13,280.51,3.98,2.63
2021-01-08,Line 2,3.31,64.04,74.93,8667,424.68,15.31,0.72,82.99,10,206.54,4.92,3.44
2021-01-09,Line 3,4.53,82.23,58.15,6246,327.85,10.21,1.03,98.42,8,214.9,3.18,3.65
2021-01-10,Line 3,3.16,84.81,67.98,14141,340.67,10.13,0.72,99.64,2,154.78,1.72,4.03
2021-01-11,Line 1,4.79,74.36,82.64,4362,385.22,16.88,0.3,85.2,6,240.56,5.89,0.96
2021-01-12,Line 1,3.14,62.8,61.16,2103,347.92,13.83,0.26,97.86,15,244.49,2.2,2.38
2021-01-13,Line 2,8.72,70.62,63.87,17428,302.78,9.93,0.67,83.34,27,247.33,3.73,0.81
2021-01-14,Line 3,7.75,78.31,73.28,12588,348.34,14.48,0.13,98.29,25,133.71,3.01,1.69
2021-01-15,Line 1,4.8,69.14,77.29,14355,390.99,18.43,0.15,76.89,12,175.53,5.5,3.15
2021-01-16,Line 1,4.69,71.48,71.27,2353,361.43,14.31,0.66,87.3,29,242.01,6.41,4.01
2021-01-17,Line 2,3.02,72.54,62.65,3170,339.28,9.56,0.64,96.01,6,252.7,5.54,1.84
2021-01-18,Line 2,7.77,70.44,57.05,10670,311.83,9.53,0.79,94.46,11,169.61,7.59,3.33
2021-01-19,Line 1,7.64,76.88,72.78,2252,307.65,9.36,0.48,95.7,7,287.1,1.8,3.44
2021-01-20,Line 3,5.47,74.35,54.09,14770,354.73,10.65,0.99,85.03,16,194.32,2.05,2.91
2021-01-21,Line 1,3.44,67.08,70.42,2882,443.16,22.77,0.95,90.34,11,189.69,6.65,2.37
2021-01-22,Line 3,4.08,72.9,73.4,18538,391.09,13.93,0.51,86.57,27,205.65,4.75,2.88
2021-01-23,Line 1,7.66,70.92,78.77,4204,370.35,11.86,0.18,87.22,8,241.16,7.19,2.73
2021-01-24,Line 3,7.8,75.13,62.27,6900,484.5,20.35,0.37,82.4,21,229.06,3.19,3.12
2021-01-25,Line 1,3.9,75.25,57.91,11012,370.3,15.72,0.79,77.8,9,181.86,3.33,3.77
2021-01-26,Line 3,6.33,79.52,89.65,10874,365.67,11.95,0.57,96.05,16,239.49,1.72,4.49
2021-01-27,Line 3,5.51,78.46,58.72,2536,466.54,18.12,0.15,73.99,13,167.77,3.5,2.4
2021-01-28,Line 1,5.09,62.84,70.26,4752,372.03,14.96,0.16,96.09,10,209.14,1.37,3.31
2021-01-29,Line 1,2.4,70.77,68.41,19566,414.01,17.63,0.87,92.43,11,190.28,4.34,3.49
2021-01-30,Line 1,1.68,65.6,90.97,6955,360.16,14.81,0.41,90.55,5,234.26,4.47,1.84
2021-01-31,Line 3,3.62,84.16,64.32,11847,333.64,11.22,0.02,94.98,11,230.52,2.44,4.38
2021-02-01,Line 3,2.62,73.63,52.9,7248,357.93,15.58,0.93,92.68,1,266.36,4.51,2.13
2021-02-02,Line 3,3.36,64.34,61.08,7737,503.82,22.55,0.06,97.86,2,190.26,5.08,2.16
2021-02-03,Line 3,5.1,64.59,65.95,12498,297.3,7.9,0.99,94.82,23,115.29,1.2,4.17
2021-02-04,Line 3,6.27,63.03,50.56,18009,362.22,11.83,0.1,91.97,20,201.7,3.95,2.04
2021-02-05,Line 2,3.02,64.09,56.67,7528,459.06,18.08,1.0,96.58,20,139.65,5.12,2.61
2021-02-06,Line 2,2.52,64.42,65.97,15835,375.52,12.2,0.3,93.01,14,179.93,6.18,1.61
2021-02-07,Line 3,2.38,75.71,62.36,6711,397.21,19.16,0.65,82.33,25,186.14,6.27,1.19
2021-02-08,Line 1,4.46,64.93,73.41,7570,373.81,17.27,0.4,90.98,9,240.69,5.66,1.83
2021-02-09,Line 1,4.56,83.58,79.71,16178,277.59,6.69,1.0,94.16,18,148.15,3.54,1.41
2021-02-10,Line 3,6.76,62.12,61.36,12432,431.39,19.03,1.22,79.44,19,224.72,6.59,1.26
2021-02-11,Line 1,3.22,83.69,68.46,5212,293.24,8.63,0.18,80.66,30,258.03,1.69,2.31
2021-02-12,Line 2,3.24,61.78,73.13,9098,482.24,19.09,0.23,95.71,18,244.17,8.92,1.65
2021-02-13,Line 3,6.03,77.07,86.47,16213,441.06,17.78,1.0,91.8,10,167.14,3.68,3.65
2021-02-14,Line 2,3.81,71.66,65.84,10698,471.77,19.57,0.2,94.73,2,191.71,4.41,2.43
2021-02-15,Line 1,7.75,64.67,79.03,13481,295.76,8.03,1.13,91.78,29,267.9,4.81,1.26
2021-02-16,Line 2,1.75,61.31,63.52,3017,410.41,19.94,0.23,96.48,2,205.26,7.6,3.69
2021-02-17,Line 2,7.34,73.03,60.4,9086,382.12,15.02,0.01,84.18,18,168.34,1.81,3.81
2021-02-18,Line 3,1.38,62.38,58.35,17257,526.13,22.71,0.06,86.69,25,151.31,5.55,3.47
2021-02-19,Line 2,4.42,80.27,60.04,15463,404.45,13.79,0.52,77.91,20,173.48,4.48,2.91
2021-02-20,Line 1,2.85,68.23,60.44,12633,417.12,21.57,0.59,78.91,2,115.15,6.51,2.47
2021-02-21,Line 3,2.5,68.83,78.28,17595,280.17,7.45,0.22,96.56,5,207.43,2.17,1.77
2021-02-22,Line 3,6.28,65.25,75.61,5294,312.25,11.06,0.32,73.55,21,241.31,2.11,0.97
2021-02-23,Line 3,5.09,72.18,52.11,8313,393.56,15.07,0.92,78.03,17,131.48,4.16,1.93
2021-02-24,Line 3,6.8,63.68,74.68,2014,368.46,11.37,0.74,97.77,16,215.19,3.15,4.1
2021-02-25,Line 1,3.79,64.71,52.91,5501,316.51,8.07,0.22,89.98,4,258.04,1.44,3.77
2021-02-26,Line 3,7.87,84.38,73.84,17391,342.96,10.82,0.15,82.24,15,232.32,2.06,1.06
2021-02-27,Line 2,9.65,69.1,72.48,18635,482.16,20.81,0.18,99.71,8,197.7,3.66,4.65
2021-02-28,Line 3,7.29,68.03,71.03,10040,307.35,9.14,0.04,89.57,12,126.79,3.33,3.83
2021-03-01,Line 1,3.37,60.93,68.4,2225,407.4,16.77,0.38,99.31,13,171.23,3.9,2.39
2021-03-02,Line 2,4.69,66.57,58.94,9667,390.14,15.77,0.34,92.22,17,223.22,5.87,1.73
2021-03-03,Line 3,4.03,67.11,87.32,16158,322.12,9.81,0.98,95.01,14,225.8,1.96,4.14
2021-03-04,Line 1,2.83,83.77,78.65,10450,437.75,20.07,0.81,78.43,3,218.73,3.61,1.83
2021-03-05,Line 2,6.95,74.84,89.67,5932,431.62,18.32,1.17,97.02,10,208.82,4.63,1.83
2021-03-06,Line 2,5.97,82.86,77.66,13632,383.84,15.49,0.29,77.2,4,238.88,3.47,3.2
2021-03-07,Line 2,2.04,72.54,88.99,3722,434.33,16.06,0.34,91.78,13,210.44,5.1,2.35
2021-03-08,Line 2,6.35,66.71,75.58,12812,451.83,18.28,0.65,97.23,25,266.89,7.24,1.73
2021-03-09,Line 2,4.31,65.04,57.36,5102,426.74,17.08,0.71,97.85,1,265.05,8.2,3.11
2021-03-10,Line 3,5.39,71.48,55.99,2531,491.61,22.24,0.04,99.07,4,223.41,3.03,3.59
2021-03-11,Line 2,5.53,69.32,51.83,19880,489.97,21.32,0.54,87.14,29,203.16,4.77,2.91
2021-03-12,Line 3,6.41,69.71,56.16,6689,349.04,14.62,0.03,91.27,14,222.81,6.32,2.22
2021-03-13,Line 1,5.94,64.57,77.08,12385,466.48,21.97,0.02,92.96,13,206.71,2.44,2.97
2021-03-14,Line 1,5.43,69.48,54.06,18034,290.36,8.27,0.92,89.93,12,238.21,2.23,2.2
2021-03-15,Line 3,5.39,62.43,77.55,9513,357.24,11.03,0.21,96.53,6,292.85,2.08,3.04
2021-03-16,Line 1,8.43,67.98,65.61,3642,382.67,14.39,0.29,80.27,22,248.75,2.8,2.89
2021-03-17,Line 1,2.29,68.87,67.94,12035,455.27,20.21,0.42,92.16,5,163.59,2.29,2.32
2021-03-18,Line 1,5.48,75.41,70.88,19035,335.92,9.69,0.21,91.87,10,195.88,4.69,2.87
2021-03-19,Line 3,3.31,69.74,53.9,8145,390.77,14.21,0.01,92.98,2,153.34,1.81,2.42
2021-03-20,Line 2,7.62,78.95,82.32,16434,437.11,23.63,0.32,99.49,9,170.32,7.34,2.73
2021-03-21,Line 3,5.59,90.9,66.62,19874,391.1,15.95,0.53,97.26,9,171.86,2.3,3.6
2021-03-22,Line 2,1.7,87.09,82.36,10921,328.45,9.2,0.64,92.39,20,155.85,6.54,1.01
2021-03-23,Line 1,3.25,81.52,76.23,13895,314.86,10.65,1.19,83.93,18,271.81,4.27,3.28
2021-03-24,Line 1,2.99,81.36,82.45,18401,332.22,10.69,0.53,90.52,19,218.49,2.35,1.45
2021-03-25,Line 2,7.62,66.29,60.69,19344,478.63,19.13,1.37,87.64,29,190.91,3.48,2.64
2021-03-26,Line 2,6.01,78.96,60.57,11470,335.95,9.99,0.74,94.3,30,159.98,5.01,1.53
2021-03-27,Line 1,3.75,89.59,52.66,4785,440.95,19.15,1.58,92.59,23,208.42,3.45,1.49
2021-03-28,Line 1,5.82,79.08,59.73,10357,453.34,21.36,0.26,98.54,19,263.17,4.99,1.84
2021-03-29,Line 2,3.85,64.39,57.8,2218,428.26,16.4,0.2,96.05,24,218.78,5.26,3.75
2021-03-30,Line 3,6.95,63.52,87.93,9536,410.3,19.62,0.78,90.53,26,287.86,5.09,4.19
2021-03-31,Line 1,8.21,77.03,54.87,10381,300.74,8.47,0.02,95.86,4,194.32,1.91,3.71
2021-04-01,Line 3,4.51,70.75,82.92,12953,365.61,11.56,0.51,89.99,20,257.14,5.58,1.49
2021-04-02,Line 3,5.66,86.57,65.03,9795,463.55,19.61,0.12,86.25,11,284.81,5.34,3.21
2021-04-03,Line 2,1.54,71.18,64.14,7039,340.93,11.22,0.87,87.52,10,196.0,7.17,1.91
2021-04-04,Line 2,4.64,73.16,80.57,18557,374.19,16.39,0.99,81.68,9,262.49,4.63,3.68
2021-04-05,Line 3,3.07,75.87,67.07,2269,392.98,17.85,1.45,95.89,21,227.25,2.01,2.1
2021-04-06,Line 3,2.04,79.36,59.0,17881,351.59,11.67,0.03,81.79,10,278.12,8.9,1.42
2021-04-07,Line 2,4.31,76.48,65.16,10187,396.4,14.34,0.34,88.7,23,171.07,3.87,2.42
2021-04-08,Line 2,5.33,73.64,51.18,15289,279.29,6.85,0.34,85.17,26,223.83,5.72,1.9
2021-04-09,Line 1,4.65,68.45,63.84,2181,324.94,8.91,0.4,86.93,1,248.43,8.17,1.84
2021-04-10,Line 2,7.01,90.24,63.47,15472,377.0,12.46,0.6,91.59,17,184.6,3.05,2.65
2021-04-11,Line 2,1.6,71.53,65.75,3609,356.2,15.14,0.66,91.39,6,271.4,1.85,1.54
2021-04-12,Line 2,6.72,86.87,71.78,17332,443.44,21.29,0.95,84.49,18,274.72,3.39,1.58
2021-04-13,Line 3,6.32,68.66,57.29,17821,357.02,13.5,1.26,87.74,25,171.87,6.36,1.57
2021-04-14,Line 3,9.0,78.29,64.69,3467,358.45,13.53,0.1,81.9,4,273.71,4.88,1.81
2021-04-15,Line 3,4.51,76.18,53.04,2405,385.77,15.34,0.2,90.69,11,251.29,7.08,3.82
2021-04-16,Line 1,3.0,78.85,56.66,3575,365.01,12.55,1.44,92.9,23,186.81,6.02,3.72
2021-04-17,Line 2,3.61,64.34,78.32,7050,512.71,21.14,0.58,83.35,12,182.39,4.84,2.12
2021-04-18,Line 3,2.52,62.46,78.38,10845,413.59,17.48,1.44,94.46,22,227.64,4.02,2.14
2021-04-19,Line 2,4.52,64.22,54.14,3098,389.68,16.25,1.06,95.53,2,172.68,5.02,1.42
2021-04-20,Line 1,2.77,65.55,85.58,12979,375.88,15.55,0.43,86.98,15,284.95,6.1,1.7
2021-04-21,Line 3,3.74,85.17,78.87,7352,377.97,12.59,0.23,99.6,3,191.48,2.28,1.26
2021-04-22,Line 3,3.31,67.17,60.64,11813,478.91,20.51,0.83,99.27,13,225.54,6.6,2.74
2021-04-23,Line 1,4.41,65.25,71.84,13473,420.4,18.4,0.38,96.66,29,239.18,8.19,0.86
2021-04-24,Line 3,4.49,65.42,58.62,16193,418.62,16.56,0.44,85.5,19,207.84,3.56,1.38
2021-04-25,Line 3,6.82,62.91,80.13,6029,419.39,21.48,0.67,80.22,4,113.4,6.88,1.69
2021-04-26,Line 2,3.6,78.25,56.06,3710,364.93,16.14,0.12,75.21,6,240.96,2.83,3.36
2021-04-27,Line 1,6.38,71.05,63.77,11282,436.06,21.01,0.72,83.97,29,173.89,8.57,2.69
2021-04-28,Line 1,7.74,84.82,69.0,16389,478.07,22.09,0.06,87.64,25,218.7,2.37,3.22
2021-04-29,Line 2,2.54,76.57,73.89,6107,455.61,20.67,1.09,73.28,1,213.13,3.27,2.28
2021-04-30,Line 3,2.06,65.31,65.37,4478,392.28,15.15,0.17,86.59,13,218.17,5.86,1.78
2021-05-01,Line 3,6.37,83.35,55.3,9358,407.04,20.57,0.81,81.27,3,279.25,5.7,3.05
2021-05-02,Line 2,4.46,68.22,79.53,2581,474.08,20.42,0.42,98.02,29,283.62,7.32,1.02
2021-05-03,Line 3,2.94,80.63,92.53,11565,481.45,19.87,0.35,95.97,30,152.15,5.74,2.58
2021-05-04,Line 2,6.08,79.32,69.4,12207,419.71,21.27,0.48,81.22,11,243.94,1.53,1.07
2021-05-05,Line 3,7.02,65.11,81.08,16443,375.22,16.26,0.92,85.08,5,183.32,3.38,1.75
2021-05-06,Line 3,8.22,77.02,63.11,3912,315.99,10.98,0.79,95.86,18,156.44,4.75,2.66
2021-05-07,Line 2,4.22,70.41,52.29,11475,375.54,11.82,0.33,92.24,26,292.01,6.64,3.16
2021-05-08,Line 2,4.46,79.37,57.43,2047,356.72,14.91,0.47,99.81,30,238.44,2.76,0.87
2021-05-09,Line 1,5.49,84.0,77.99,8380,340.74,13.49,0.47,86.17,10,194.31,6.81,4.0
2021-05-10,Line 2,3.43,61.06,57.32,11068,524.6,22.5,1.61,91.82,28,228.14,3.42,3.05
2021-05-11,Line 1,6.96,75.42,60.28,4881,428.3,20.82,0.49,79.39,6,196.15,2.66,1.3
2021-05-12,Line 1,3.61,92.69,69.94,16186,453.04,17.66,0.79,92.1,28,162.73,2.67,4.12
2021-05-13,Line 3,7.02,69.54,69.88,4299,449.76,21.35,0.77,99.27,21,199.71,5.86,1.69
2021-05-14,Line 3,2.07,77.32,60.48,8865,423.99,15.21,0.39,93.94,8,154.11,3.85,4.24
2021-05-15,Line 2,7.17,61.82,53.72,16101,391.63,18.82,0.7,87.08,24,225.96,2.52,3.02
2021-05-16,Line 2,6.03,67.96,58.06,19195,413.11,15.86,0.75,87.24,10,201.93,5.08,1.89
2021-05-17,Line 2,4.5,87.36,66.54,16684,446.24,22.11,0.9,82.01,24,224.83,4.95,4.47
2021-05-18,Line 2,3.49,75.84,79.2,10535,305.75,9.31,0.63,77.96,24,189.42,3.27,2.62
2021-05-19,Line 3,5.21,62.02,51.66,8642,352.88,13.95,0.78,96.92,26,214.89,7.09,2.56
2021-05-20,Line 2,1.92,71.7,60.01,19765,391.42,18.45,1.22,84.88,10,233.87,2.79,0.89
2021-05-21,Line 2,2.19,77.45,52.92,15229,332.93,9.95,0.23,89.5,29,125.9,3.0,4.16
2021-05-22,Line 3,8.1,66.35,70.47,16503,437.03,23.59,0.44,95.45,12,245.16,1.62,3.16
2021-05-23,Line 2,2.68,69.08,68.61,17716,415.62,17.84,0.48,83.95,4,222.12,1.6,1.49
2021-05-24,Line 1,2.59,65.04,74.7,9032,400.25,13.9,0.5,91.19,21,239.06,7.66,2.47
2021-05-25,Line 2,6.79,69.61,84.58,10871,448.22,21.87,0.34,98.61,18,271.58,6.08,2.79
2021-05-26,Line 1,7.85,90.34,55.26,15178,388.65,12.88,0.28,85.79,1,217.42,3.29,3.39
2021-05-27,Line 1,6.35,66.52,54.06,3557,445.45,21.13,1.09,84.98,19,204.38,2.5,1.95
2021-05-28,Line 1,3.07,70.82,63.7,5258,367.53,13.92,0.58,86.9,14,223.33,5.06,2.74
2021-05-29,Line 3,3.97,88.7,79.63,19205,321.78,11.07,0.74,80.99,9,225.39,6.96,1.51
2021-05-30,Line 3,5.4,64.99,70.54,13974,365.25,13.45,1.17,83.07,21,215.99,4.13,3.89
2021-05-31,Line 1,4.3,65.32,64.98,8931,530.13,22.95,0.3,87.59,13,171.51,1.87,2.11
2021-06-01,Line 1,2.03,64.55,64.75,6778,506.32,22.11,0.74,95.26,28,162.57,2.8,2.25
2021-06-02,Line 1,3.05,73.93,87.22,17985,406.68,18.98,0.47,90.75,17,264.13,3.41,3.53
2021-06-03,Line 1,3.01,87.82,67.08,13248,340.61,11.16,0.05,87.61,4,194.91,3.38,2.94
2021-06-04,Line 2,3.0,66.88,66.48,17211,478.96,19.07,0.6,87.44,23,249.82,3.49,2.79
2021-06-05,Line 2,3.79,81.68,74.65,12753,402.11,13.71,0.83,94.88,23,270.73,4.01,3.66
2021-06-06,Line 1,3.87,85.19,59.96,14890,352.67,12.75,0.05,84.5,13,293.27,3.81,0.8
2021-06-07,Line 2,4.06,63.33,67.48,19663,393.34,15.15,0.21,92.57,16,264.24,4.98,2.96
2021-06-08,Line 1,5.41,64.46,67.69,10061,420.61,17.85,0.73,91.84,15,267.55,2.0,3.64
2021-06-09,Line 3,5.55,71.0,59.44,4342,459.48,18.27,1.21,87.11,10,237.12,5.05,2.22
2021-06-10,Line 1,3.75,66.83,66.97,15755,478.53,21.73,0.15,88.29,18,184.79,4.73,1.06
2021-06-11,Line 1,6.84,87.63,53.76,6838,334.22,10.64,0.34,91.65,30,173.94,2.13,2.19
2021-06-12,Line 2,3.36,71.98,57.69,10251,362.57,15.89,0.78,98.52,8,243.01,1.97,2.52
2021-06-13,Line 2,7.63,80.45,54.65,2951,451.21,16.95,0.74,91.19,14,186.81,7.08,2.38
2021-06-14,Line 1,6.6,83.41,71.19,2192,489.48,20.39,0.96,95.62,5,251.06,2.97,0.66
2021-06-15,Line 3,4.4,71.59,70.47,19668,491.62,19.44,1.06,80.55,8,185.11,3.05,3.24
2021-06-16,Line 3,4.73,62.77,78.25,2061,433.83,17.05,0.55,83.69,20,230.65,6.3,2.61
2021-06-17,Line 3,5.44,75.79,61.9,19160,431.87,15.64,0.26,99.43,11,280.05,4.97,2.17
2021-06-18,Line 3,6.71,81.34,81.5,17784,320.44,9.16,0.79,92.95,24,246.75,4.49,3.81
2021-06-19,Line 1,6.02,79.58,83.03,9214,423.39,16.18,0.78,95.66,3,209.14,3.1,1.14
2021-06-20,Line 3,6.92,70.93,84.9,12945,425.82,17.17,0.68,94.33,5,290.91,4.75,1.94
2021-06-21,Line 2,5.26,74.05,66.13,13832,340.58,10.44,1.12,99.19,25,132.03,1.87,3.27
2021-06-22,Line 2,5.22,68.07,77.02,13053,439.82,20.89,0.82,90.66,28,146.55,1.48,0.84
2021-06-23,Line 2,8.18,83.65,64.57,13508,305.25,8.61,0.08,92.14,8,178.8,2.87,3.61
2021-06-24,Line 1,4.19,75.88,84.33,3421,427.27,17.97,0.33,80.91,27,245.75,2.73,2.69
2021-06-25,Line 2,6.34,70.92,50.78,12807,374.79,13.46,1.54,85.49,20,176.35,6.57,0.66
2021-06-26,Line 3,7.15,91.55,61.16,15960,362.17,13.99,0.51,95.18,4,204.47,6.92,2.36
2021-06-27,Line 3,1.57,73.52,54.59,11066,383.91,13.9,1.53,97.79,22,191.68,2.3,1.51
2021-06-28,Line 2,4.88,66.93,92.3,17800,429.46,22.34,1.76,95.78,30,232.38,6.83,0.92
2021-06-29,Line 2,7.27,68.7,68.11,10798,342.09,12.12,0.55,86.9,14,264.65,3.68,1.19
2021-06-30,Line 3,3.15,76.96,71.06,18566,500.64,20.66,0.33,95.8,12,176.9,3.21,2.69
2021-07-01,Line 2,4.07,63.44,78.61,8247,423.01,20.87,0.25,93.11,9,258.5,7.65,3.75
2021-07-02,Line 1,4.1,79.59,77.18,18554,397.52,16.38,0.37,89.56,30,236.69,5.31,0.97
2021-07-03,Line 1,6.83,79.74,67.68,15937,481.95,20.67,1.11,80.68,20,193.83,1.68,2.92
2021-07-04,Line 1,6.06,64.33,50.43,2568,447.84,21.26,1.81,94.38,13,218.51,3.22,3.0
2021-07-05,Line 3,1.49,75.66,54.35,4313,320.65,9.07,0.12,96.45,3,221.96,5.57,3.46
2021-07-06,Line 3,6.02,63.58,74.94,6156,413.01,17.18,0.13,96.25,19,254.95,8.43,1.54
2021-07-07,Line 2,3.38,88.15,69.2,6041,427.2,15.6,0.16,82.28,30,175.55,4.65,2.5
2021-07-08,Line 3,6.18,62.68,57.56,10325,447.91,22.47,1.22,78.84,25,222.29,8.26,1.59
2021-07-09,Line 1,3.01,86.37,81.5,6061,403.56,15.73,0.66,97.74,30,211.78,1.99,1.42
2021-07-10,Line 3,7.03,63.4,90.47,12267,457.72,21.59,0.02,95.55,29,158.88,5.0,3.77
2021-07-11,Line 1,3.52,78.47,74.18,3845,465.0,21.04,0.33,83.49,14,127.63,4.28,1.42
2021-07-12,Line 2,4.0,75.56,86.79,18519,340.55,11.93,0.15,79.31,3,200.58,1.55,1.13
2021-07-13,Line 2,3.69,72.04,70.23,17982,405.78,16.88,0.39,94.27,20,197.56,3.73,2.2
2021-07-14,Line 1,4.03,61.18,62.47,17523,466.3,21.74,0.98,86.89,21,214.79,2.77,1.88
2021-07-15,Line 3,6.71,73.33,86.68,17680,400.17,16.7,0.24,88.79,6,204.77,4.98,1.6
2021-07-16,Line 1,7.6,65.06,63.72,16991,340.79,13.17,0.31,75.59,29,164.8,5.79,2.77
2021-07-17,Line 3,5.22,86.3,68.45,2428,401.64,19.67,0.6,84.85,24,196.62,5.43,3.98
2021-07-18,Line 2,7.02,61.9,76.04,17378,390.94,18.67,0.96,86.33,16,174.47,9.26,1.92
2021-07-19,Line 3,2.06,70.71,64.07,10576,489.22,20.54,0.17,74.15,8,263.0,7.55,2.72
2021-07-20,Line 3,3.2,78.2,87.62,6530,491.17,22.3,0.08,92.52,20,274.7,5.33,0.81
2021-07-21,Line 3,7.35,66.73,61.53,7718,279.42,7.85,0.48,92.06,10,171.47,5.08,2.25
2021-07-22,Line 2,8.97,73.76,71.93,16144,358.09,13.48,1.06,93.5,11,246.33,4.35,1.21
2021-07-23,Line 1,7.06,61.98,60.45,15203,425.41,18.81,0.5,91.03,27,257.46,4.68,3.64
2021-07-24,Line 2,6.3,80.29,67.3,9820,267.15,5.94,0.35,82.99,7,125.89,4.31,1.72
2021-07-25,Line 1,2.82,89.05,55.58,17345,404.3,16.1,0.11,76.83,5,238.48,4.86,1.06
2021-07-26,Line 1,7.14,80.96,78.64,10719,438.65,22.59,0.54,96.92,29,248.84,7.38,1.65
2021-07-27,Line 1,6.32,66.72,53.39,15373,327.35,8.5,0.26,89.33,19,202.29,3.11,2.37
2021-07-28,Line 2,5.01,65.7,84.43,18580,309.34,10.76,0.7,91.16,28,208.89,6.93,2.73
2021-07-29,Line 3,2.39,62.59,64.39,16088,521.23,22.31,1.29,95.46,13,225.76,2.67,4.22
2021-07-30,Line 1,4.0,76.19,61.34,2378,325.69,12.29,0.52,96.87,20,235.61,2.94,1.31
2021-07-31,Line 2,8.98,69.33,68.59,18580,377.25,12.26,0.13,98.84,29,177.52,3.38,3.74
2021-08-01,Line 2,5.01,71.08,53.89,15042,362.22,14.78,0.48,96.39,17,155.88,4.32,2.68
2021-08-02,Line 1,7.22,67.72,51.71,6348,418.1,15.77,0.83,96.1,30,271.65,5.24,1.87
2021-08-03,Line 1,7.1,79.07,71.01,12731,421.65,18.52,0.06,97.03,10,244.43,3.86,3.56
2021-08-04,Line 2,7.0,89.68,67.52,13058,459.7,21.09,0.91,97.09,17,202.81,4.13,1.39
2021-08-05,Line 3,2.79,72.87,73.52,16477,420.24,15.08,0.63,96.73,22,270.12,9.49,0.81
2021-08-06,Line 3,5.05,82.05,72.82,7483,281.75,8.11,0.57,96.13,3,156.56,5.72,1.59
2021-08-07,Line 1,3.51,81.2,56.86,6844,352.95,14.34,1.07,97.33,21,254.02,5.68,2.14
2021-08-08,Line 3,5.87,79.71,61.61,14357,352.02,14.46,0.13,79.56,18,200.04,3.52,1.32
2021-08-09,Line 3,6.35,82.33,71.61,12480,294.39,9.07,1.62,98.64,22,199.17,5.19,4.72
2021-08-10,Line 2,6.25,75.12,73.17,11864,366.77,13.66,1.04,89.67,18,200.73,2.62,0.82
2021-08-11,Line 3,7.78,73.74,60.8,19932,394.26,18.25,0.62,94.52,2,249.95,3.05,2.82
2021-08-12,Line 3,3.03,61.69,52.26,8278,332.75,11.44,0.24,89.62,3,199.06,6.15,4.71
2021-08-13,Line 3,1.26,78.46,76.69,19527,326.34,9.14,0.27,95.59,8,174.45,3.81,2.86
2021-08-14,Line 2,4.05,87.2,62.33,3750,415.48,19.39,0.35,97.3,16,174.25,3.91,3.82
2021-08-15,Line 2,3.94,73.85,58.69,13270,307.27,9.98,0.14,89.12,13,233.68,6.06,2.36
2021-08-16,Line 3,8.55,64.55,80.61,18488,479.7,20.87,1.41,82.81,8,189.12,5.45,1.34
2021-08-17,Line 3,2.16,66.63,67.0,6285,369.5,12.3,0.14,97.45,10,195.87,5.95,3.23
2021-08-18,Line 1,9.45,81.05,61.42,10084,375.53,16.15,0.09,88.64,28,242.02,1.83,2.41
2021-08-19,Line 2,3.15,69.14,58.06,5510,503.58,20.5,0.14,91.78,6,268.2,6.27,1.78
2021-08-20,Line 1,3.58,65.03,58.19,17485,424.21,20.34,1.37,90.63,11,281.26,4.46,2.63
2021-08-21,Line 1,5.51,66.99,62.57,13738,285.89,7.07,0.81,93.08,24,211.76,1.78,1.01
2021-08-22,Line 2,3.72,68.14,69.31,5299,286.82,8.13,0.98,84.2,21,259.46,3.94,3.9
2021-08-23,Line 1,2.03,67.27,53.46,13555,351.29,14.76,0.38,92.61,10,278.45,7.71,2.02
2021-08-24,Line 2,7.0,61.35,57.94,12731,273.37,7.34,0.63,92.98,22,146.55,8.11,1.44
2021-08-25,Line 1,4.56,80.02,90.82,2172,400.87,13.97,1.47,88.96,28,145.71,8.17,2.66
2021-08-26,Line 3,5.49,68.79,51.93,9074,324.5,10.4,0.33,85.26,6,231.28,7.66,2.64
2021-08-27,Line 2,4.41,77.01,65.96,14789,353.3,13.95,1.47,94.44,30,208.37,7.94,2.39
2021-08-28,Line 1,6.6,72.76,53.74,3181,339.1,9.86,0.52,97.93,20,156.8,1.28,3.32
2021-08-29,Line 3,1.42,61.84,51.97,14899,477.63,22.03,0.37,82.98,19,236.21,5.98,2.42
2021-08-30,Line 1,7.38,75.62,79.75,19817,310.29,10.8,0.05,88.17,9,208.54,3.0,2.46
2021-08-31,Line 2,5.26,81.91,79.31,4698,360.19,12.61,0.43,95.53,27,170.79,2.34,2.5
2021-09-01,Line 3,4.78,76.48,59.7,3818,330.86,12.83,0.39,95.91,10,166.07,3.35,1.41
2021-09-02,Line 1,1.71,77.36,52.2,3145,476.73,23.6,1.19,95.93,20,134.34,4.43,3.43
2021-09-03,Line 2,8.19,72.14,54.32,7141,444.75,18.85,0.24,81.22,24,225.42,5.94,2.89
2021-09-04,Line 2,5.6,75.54,85.25,15079,326.2,11.36,0.27,78.56,2,232.97,3.64,2.13
2021-09-05,Line 1,2.67,65.68,59.64,3843,354.43,11.98,0.54,88.26,16,171.45,5.77,0.87
2021-09-06,Line 3,7.52,71.85,72.85,19957,368.27,14.1,0.78,86.4,20,221.86,7.68,3.28
2021-09-07,Line 1,3.51,69.27,56.98,12989,299.85,7.65,1.26,87.0,29,201.07,7.01,3.43
2021-09-08,Line 1,5.56,72.58,63.13,10727,353.7,12.53,0.59,92.91,5,178.86,6.82,2.28
2021-09-09,Line 2,5.12,78.42,73.69,11059,381.73,17.87,0.56,96.57,26,128.25,3.69,1.16
2021-09-10,Line 3,2.83,84.99,52.46,16418,391.86,14.66,1.19,91.6,2,232.64,3.39,3.71
2021-09-11,Line 1,8.6,79.69,59.53,13029,382.73,16.67,0.66,91.09,22,295.83,4.11,3.01
2021-09-12,Line 1,9.83,72.07,93.51,17386,456.16,20.64,0.26,91.29,16,207.92,5.25,3.73
2021-09-13,Line 2,3.63,67.37,82.53,9587,371.63,16.16,1.44,93.5,13,270.02,4.44,1.34
2021-09-14,Line 3,5.6,62.75,62.31,7448,464.3,19.11,0.37,80.43,29,187.13,9.0,2.24
2021-09-15,Line 1,3.74,70.01,84.65,14891,353.01,14.91,0.14,95.36,18,277.78,2.33,4.59
2021-09-16,Line 1,1.87,93.01,72.65,4570,361.92,15.26,0.79,97.04,25,204.66,5.91,2.83
2021-09-17,Line 3,4.6,69.27,58.12,11931,335.41,10.29,0.97,78.48,14,286.14,4.27,1.52
2021-09-18,Line 3,2.78,78.64,68.94,9556,303.47,8.17,0.95,95.96,11,226.95,6.27,0.88
2021-09-19,Line 3,9.47,61.76,67.71,19453,391.04,14.01,0.61,91.58,3,184.43,8.56,2.61
2021-09-20,Line 3,1.32,74.63,83.69,6342,507.09,21.27,1.39,95.37,1,236.5,3.34,2.43
2021-09-21,Line 1,3.22,69.29,82.68,5296,372.52,13.71,0.78,90.0,7,207.05,3.9,4.32
2021-09-22,Line 1,8.95,72.68,97.01,18541,397.56,19.74,0.36,88.77,26,211.87,4.62,3.48
2021-09-23,Line 2,4.39,68.47,66.26,19130,370.75,15.86,0.56,87.33,6,253.3,4.55,2.92
2021-09-24,Line 1,2.21,66.89,61.59,17886,432.83,19.71,0.07,83.93,9,286.52,4.37,3.09
2021-09-25,Line 1,2.85,66.15,58.56,4106,405.92,20.43,1.64,86.67,18,142.35,1.43,2.31
2021-09-26,Line 1,1.2,64.96,67.13,12283,348.8,10.28,1.42,87.65,19,255.05,1.94,4.22
2021-09-27,Line 2,4.86,79.77,56.11,2950,391.48,18.56,1.01,91.17,17,127.2,3.8,1.53
2021-09-28,Line 1,4.13,63.92,59.05,12375,409.4,16.78,0.69,94.32,12,251.51,3.27,0.63
2021-09-29,Line 1,5.67,78.25,69.92,4613,367.25,11.9,0.91,91.78,8,269.78,2.18,3.34
2021-09-30,Line 3,6.96,68.16,87.77,17405,359.08,12.73,0.19,86.11,26,208.16,6.11,3.43
2021-10-01,Line 2,3.52,76.04,72.01,14759,382.24,12.37,0.78,95.65,14,202.32,7.69,2.6
2021-10-02,Line 3,5.65,72.17,57.86,11531,382.71,17.65,0.32,94.94,8,153.02,2.74,2.93
2021-10-03,Line 1,4.52,65.21,74.49,13229,449.45,20.76,1.11,92.96,28,276.73,6.71,4.14
2021-10-04,Line 3,4.12,80.28,87.81,14296,425.68,16.01,1.03,97.65,22,283.2,2.75,1.06
2021-10-05,Line 3,8.58,67.67,70.49,3568,456.51,17.97,0.06,93.16,17,147.86,4.07,1.02
2021-10-06,Line 2,7.61,72.78,61.68,13386,417.95,19.02,0.12,96.48,24,218.5,1.74,3.98
2021-10-07,Line 1,4.63,74.04,61.38,7061,309.64,8.84,1.5,77.21,2,195.06,6.17,2.93
2021-10-08,Line 3,9.19,68.98,52.55,17190,376.35,16.88,0.53,88.19,17,235.74,2.3,1.54
2021-10-09,Line 3,8.51,68.03,63.11,3719,427.54,19.31,1.58,97.46,24,271.98,2.54,1.54
2021-10-10,Line 1,4.22,64.63,51.73,13047,412.96,18.14,1.7,91.72,13,296.45,9.3,3.31
2021-10-11,Line 3,7.9,76.09,53.36,18321,464.97,23.04,0.82,84.11,8,156.47,6.2,3.41
2021-10-12,Line 2,2.47,76.1,66.73,18995,433.89,22.15,0.05,98.47,20,162.16,3.54,2.59
2021-10-13,Line 3,4.06,80.98,88.73,9683,388.11,16.79,1.06,99.26,26,232.85,3.87,2.48
2021-10-14,Line 1,2.08,82.63,57.33,10952,463.67,17.81,0.37,88.17,27,205.93,3.51,2.46
2021-10-15,Line 1,2.73,60.57,74.76,16781,487.76,22.16,0.24,87.39,18,233.04,3.57,1.43
2021-10-16,Line 1,6.47,83.51,68.05,12223,376.24,12.61,0.01,99.11,5,217.05,2.04,1.48
2021-10-17,Line 3,1.69,76.23,53.03,15896,402.88,19.23,0.09,95.61,3,255.71,3.39,0.66
2021-10-18,Line 3,7.69,64.89,59.52,7645,459.44,18.48,1.24,98.17,12,154.49,4.79,2.33
2021-10-19,Line 1,1.56,81.86,90.53,9246,354.5,13.48,0.48,85.37,1,224.82,5.61,3.3
2021-10-20,Line 1,9.72,80.54,68.2,12103,364.83,13.28,0.39,90.63,25,130.59,5.19,1.67
2021-10-21,Line 2,4.78,64.05,62.39,7314,374.73,11.83,0.49,86.09,26,282.06,4.39,2.51
2021-10-22,Line 3,6.45,69.94,56.06,4494,442.92,16.72,0.28,94.15,19,192.31,5.6,1.03
2021-10-23,Line 3,3.68,82.0,63.07,12925,444.65,20.61,1.62,91.49,20,203.88,5.48,3.3
2021-10-24,Line 3,2.12,88.28,61.19,2976,360.74,11.02,0.45,84.74,11,223.19,9.36,1.77
2021-10-25,Line 3,4.77,63.5,77.27,6301,368.19,16.08,0.28,96.16,7,172.82,6.94,2.81
2021-10-26,Line 1,6.15,68.98,57.49,3913,354.33,14.18,0.2,98.75,13,185.51,3.14,1.14
2021-10-27,Line 1,6.8,88.01,76.5,17932,497.86,20.65,1.03,85.93,9,283.26,3.14,0.67
2021-10-28,Line 3,3.28,70.58,56.86,9747,411.89,14.62,1.06,99.21,15,216.9,3.2,1.84
2021-10-29,Line 3,4.47,62.3,54.97,5739,296.25,9.47,0.35,99.51,1,188.16,3.0,1.0
2021-10-30,Line 2,6.68,79.07,59.32,11132,354.46,10.82,1.61,93.17,6,248.99,5.81,3.04
2021-10-31,Line 2,6.12,80.49,77.13,5888,294.57,8.62,0.45,96.3,27,257.28,2.38,0.76
2021-11-01,Line 1,3.53,78.73,62.78,10656,414.84,17.88,1.25,84.27,21,284.14,4.56,2.5
2021-11-02,Line 3,7.26,63.85,79.22,14538,429.97,21.01,0.41,95.82,6,221.23,3.12,2.21
2021-11-03,Line 2,2.3,61.23,67.83,19668,408.07,18.12,0.65,90.78,2,190.74,1.37,3.86
2021-11-04,Line 3,2.43,76.17,54.85,15382,387.37,15.83,0.37,87.38,22,228.89,3.77,2.66
2021-11-05,Line 3,6.63,69.53,66.18,11657,391.14,18.88,0.8,92.84,7,224.41,4.1,0.86
2021-11-06,Line 3,6.95,63.03,85.65,17457,352.18,13.62,0.38,96.03,3,226.89,2.41,2.46
2021-11-07,Line 3,4.92,66.14,79.52,4919,328.58,11.85,0.17,97.27,9,277.75,2.04,2.0
2021-11-08,Line 3,3.48,80.6,59.31,11546,475.21,19.41,0.88,92.93,6,131.24,2.6,1.48
2021-11-09,Line 3,3.96,63.51,66.83,14238,378.67,15.86,0.63,84.33,12,262.02,6.09,1.35
2021-11-10,Line 2,4.76,73.93,60.64,4623,448.69,18.67,0.39,97.07,9,199.88,2.67,2.31
2021-11-11,Line 3,5.86,68.87,68.98,14272,377.68,13.86,0.65,92.2,16,196.54,3.61,1.12
2021-11-12,Line 3,9.1,68.79,81.18,7925,324.24,11.7,0.31,97.23,13,178.67,2.93,1.26
2021-11-13,Line 1,5.15,63.55,71.93,8230,439.0,17.92,0.51,96.69,20,135.13,6.5,1.59
2021-11-14,Line 1,4.0,78.99,68.74,8017,435.48,18.01,0.51,87.31,27,184.69,2.19,2.51
2021-11-15,Line 3,7.4,76.06,54.1,2674,324.79,11.55,0.11,76.83,14,199.5,7.55,2.54
2021-11-16,Line 2,2.01,86.23,66.85,12093,446.81,21.26,1.03,80.16,22,238.52,2.47,1.11
2021-11-17,Line 1,6.33,71.08,64.28,9266,383.26,15.62,0.23,98.29,3,250.79,4.0,1.8
2021-11-18,Line 1,1.97,67.16,53.7,11910,461.18,20.82,0.75,97.85,26,251.95,7.0,4.2
2021-11-19,Line 3,4.38,84.21,77.17,2585,433.55,16.35,0.18,98.51,17,187.11,1.66,1.32
2021-11-20,Line 1,3.94,68.0,83.26,8569,412.32,20.0,0.41,88.44,20,223.45,5.15,1.64
2021-11-21,Line 1,5.45,70.6,63.69,13874,439.08,16.04,0.21,93.7,30,185.56,2.12,2.5
2021-11-22,Line 3,4.82,74.66,80.14,14289,449.49,23.6,0.44,87.47,2,280.27,4.4,1.88
2021-11-23,Line 1,3.77,68.24,58.56,12719,400.46,18.17,0.25,91.17,24,182.36,3.7,4.08
2021-11-24,Line 2,3.81,73.96,53.54,5702,454.46,20.08,0.7,92.62,27,246.35,3.48,2.59
2021-11-25,Line 1,4.01,70.96,85.73,16420,430.28,18.52,0.47,93.8,29,183.55,4.73,2.46
2021-11-26,Line 3,1.42,71.22,66.0,8886,419.15,14.68,0.82,88.7,5,257.29,3.81,1.33
2021-11-27,Line 2,5.41,72.27,72.85,9926,402.48,19.83,0.9,89.8,20,145.07,5.11,3.43
2021-11-28,Line 3,4.49,63.41,62.33,13138,317.04,9.3,1.26,92.7,23,230.21,7.12,3.23
2021-11-29,Line 1,7.84,64.32,69.57,14559,408.68,16.61,1.24,85.48,4,276.18,8.0,2.88
2021-11-30,Line 2,4.08,69.69,62.13,16730,432.47,17.61,1.59,88.46,30,212.59,1.85,3.4
2021-12-01,Line 2,4.79,68.73,81.07,15306,381.73,13.78,1.37,93.98,21,281.67,3.5,1.52
2021-12-02,Line 3,9.05,60.75,53.78,16853,427.48,15.67,0.51,81.78,15,231.92,5.91,1.95
2021-12-03,Line 1,5.44,81.32,63.25,15022,292.0,8.13,0.56,87.1,11,191.53,8.02,2.31
2021-12-04,Line 1,7.74,67.73,57.66,8872,328.6,8.9,1.26,98.17,30,203.48,4.98,2.09
2021-12-05,Line 3,2.89,65.21,74.61,8934,399.6,17.31,0.18,83.24,21,243.16,9.66,1.92
2021-12-06,Line 2,4.71,66.84,80.2,5830,497.04,21.85,0.3,92.87,29,171.11,6.41,2.2
2021-12-07,Line 3,3.12,74.9,75.02,13414,402.19,17.47,1.72,80.59,15,186.65,2.3,0.99
2021-12-08,Line 3,5.06,67.37,54.98,14287,428.55,18.16,1.08,86.25,22,258.09,1.7,1.81
2021-12-09,Line 2,2.48,71.21,55.69,14291,372.87,13.62,0.14,89.88,24,233.32,2.36,1.65
2021-12-10,Line 3,1.48,83.94,69.61,7732,297.42,8.18,0.53,87.05,1,197.1,2.03,1.75
2021-12-11,Line 3,4.56,86.78,60.0,8472,535.96,22.57,0.3,86.07,10,202.26,3.84,2.59
2021-12-12,Line 2,3.27,62.64,58.27,16401,343.17,11.14,0.35,96.78,16,288.85,2.02,4.46
2021-12-13,Line 1,3.63,64.02,54.72,13868,472.44,18.76,0.15,77.24,15,207.86,2.37,1.75
2021-12-14,Line 2,2.7,61.83,66.97,13402,333.35,11.33,0.59,82.0,12,164.89,6.42,1.38
2021-12-15,Line 1,2.81,72.09,70.03,10227,301.84,9.99,0.54,94.14,6,147.7,3.85,2.73
2021-12-16,Line 3,4.4,71.71,53.28,12933,511.5,21.12,1.12,90.19,4,158.63,2.78,1.71
2021-12-17,Line 2,3.54,68.63,74.27,19890,466.35,20.06,0.07,84.05,21,268.84,7.57,2.17
2021-12-18,Line 1,7.89,83.68,54.75,16751,469.41,19.68,1.09,87.37,19,236.88,4.1,2.54
2021-12-19,Line 3,7.13,69.08,81.76,9108,333.34,9.79,0.78,88.4,28,235.05,7.29,3.83
2021-12-20,Line 3,2.79,70.62,66.17,15061,404.55,13.85,1.11,86.23,30,175.67,6.9,2.63
2021-12-21,Line 2,3.16,70.06,60.22,4148,409.66,20.31,0.21,96.31,2,175.87,6.94,1.04
2021-12-22,Line 2,8.31,65.07,59.27,10755,373.1,13.57,0.15,96.15,20,151.73,5.94,1.35
2021-12-23,Line 2,6.03,76.19,59.5,11165,468.45,18.34,0.23,94.88,30,161.65,3.52,1.97
2021-12-24,Line 3,4.32,79.99,91.54,10677,358.64,15.69,0.7,96.95,8,258.98,6.74,1.72
2021-12-25,Line 3,2.92,77.6,73.61,14870,489.44,19.44,0.18,97.53,15,244.34,3.48,2.01
2021-12-26,Line 1,6.11,80.42,63.41,2454,388.49,17.89,0.18,76.48,23,108.83,2.61,4.27
2021-12-27,Line 3,1.73,84.72,80.42,2967,436.88,19.23,0.1,94.72,14,296.93,3.29,1.4
2021-12-28,Line 3,6.57,76.28,57.8,2226,361.68,15.07,0.3,84.79,26,231.1,2.18,2.02
2021-12-29,Line 3,2.16,81.5,54.49,13271,422.38,20.63,0.85,98.24,21,226.84,7.01,2.02
2021-12-30,Line 1,3.44,74.88,74.65,12736,462.22,18.59,0.28,93.86,18,225.38,1.39,2.39
2021-12-31,Line 1,5.03,73.95,50.52,3754,422.23,21.38,0.47,86.41,23,236.53,6.21,2.27
2022-01-01,Line 2,2.71,67.7,59.61,11956,403.78,16.39,0.47,93.14,20,206.32,4.33,1.25
2022-01-02,Line 1,7.15,68.1,89.43,9495,396.3,14.47,0.84,92.43,20,192.92,1.97,0.97
2022-01-03,Line 2,2.05,63.92,86.1,2096,439.62,23.01,0.07,99.6,5,235.31,6.55,3.76
2022-01-04,Line 3,3.68,67.37,75.57,12909,422.14,15.29,0.48,91.26,2,208.16,5.49,1.94
2022-01-05,Line 2,5.02,67.4,72.49,10565,344.59,13.39,0.22,88.27,20,198.38,4.03,1.2
2022-01-06,Line 2,4.37,72.66,73.52,19172,325.75,10.01,0.35,77.17,25,284.98,2.31,2.45
2022-01-07,Line 1,7.48,75.85,64.14,10955,383.52,12.95,1.31,91.05,13,188.87,6.78,1.7
2022-01-08,Line 2,4.11,70.94,60.45,8777,412.92,18.19,0.75,95.95,20,192.13,3.82,1.05
2022-01-09,Line 2,4.09,86.54,62.0,3627,456.28,18.3,0.66,98.92,6,116.65,8.06,4.29
2022-01-10,Line 1,3.29,87.86,65.36,2012,442.48,19.72,0.59,96.31,6,120.76,2.48,0.86
2022-01-11,Line 1,1.37,67.49,67.36,10230,363.57,13.16,0.69,71.95,24,201.85,7.69,2.46
2022-01-12,Line 2,5.79,79.31,77.6,16688,467.64,22.97,0.41,88.18,16,254.98,3.63,1.76
2022-01-13,Line 1,8.13,64.2,79.83,7748,503.36,21.68,1.19,72.77,18,185.76,3.99,1.9
2022-01-14,Line 2,1.93,81.91,58.1,15628,461.34,23.08,1.37,90.04,20,226.59,1.14,3.28
2022-01-15,Line 1,1.83,68.17,72.91,12213,377.89,15.18,0.97,98.18,12,163.79,3.4,4.36
2022-01-16,Line 1,2.41,71.99,73.22,2309,428.57,15.69,0.13,87.35,8,164.68,4.53,0.83
2022-01-17,Line 3,3.45,73.19,88.57,17825,409.6,17.13,0.46,86.09,11,270.31,2.13,2.73
2022-01-18,Line 2,6.63,65.74,55.76,19798,421.69,17.19,0.12,96.62,27,219.11,1.86,2.62
2022-01-19,Line 3,3.97,66.43,79.42,12514,347.78,11.04,0.46,83.47,8,198.95,4.06,4.01
2022-01-20,Line 2,5.13,73.61,61.84,10524,387.19,17.66,0.67,84.65,15,228.58,1.07,0.68
2022-01-21,Line 2,2.51,61.83,81.87,15350,389.72,13.92,0.26,83.96,3,199.51,7.5,2.77
2022-01-22,Line 3,5.74,71.31,55.69,8710,453.13,20.96,1.15,95.69,14,279.48,8.53,2.19
2022-01-23,Line 1,2.3,70.03,67.63,16543,390.13,15.1,0.58,90.09,12,242.78,4.52,2.86
2022-01-24,Line 1,8.33,84.5,61.6,7529,368.88,11.44,0.35,82.66,2,127.21,2.88,3.46
2022-01-25,Line 3,5.0,86.77,92.59,6889,381.06,12.43,0.13,94.55,12,294.0,7.29,2.99
2022-01-26,Line 3,5.94,80.5,73.4,16636,472.23,22.06,0.52,98.51,14,160.98,3.98,1.93
2022-01-27,Line 3,4.8,66.43,69.21,8209,427.92,18.61,0.17,86.29,26,224.51,7.34,4.44
2022-01-28,Line 3,6.45,62.55,76.52,8340,488.12,20.57,0.16,97.24,27,209.54,1.4,4.72
2022-01-29,Line 1,7.38,69.83,67.73,19899,389.86,15.75,0.26,83.23,28,190.63,6.14,3.8
2022-01-30,Line 3,3.92,83.23,91.57,16885,411.56,18.99,1.69,83.1,8,264.01,3.26,2.16
2022-01-31,Line 2,7.63,62.7,72.1,11659,438.38,16.05,0.21,98.9,22,212.21,4.41,3.63
2022-02-01,Line 2,3.76,65.16,76.65,12244,361.14,12.69,0.25,88.0,8,181.74,2.29,4.48
2022-02-02,Line 2,2.98,80.99,66.85,3639,385.33,16.67,0.61,84.19,4,198.83,3.37,2.79
2022-02-03,Line 3,3.7,63.66,85.56,5857,336.2,9.63,0.41,88.82,6,154.78,1.78,0.91
2022-02-04,Line 3,5.52,69.49,66.52,16786,327.86,8.64,0.53,95.82,18,166.07,7.53,3.15
2022-02-05,Line 3,1.84,73.06,96.82,11246,410.43,17.37,0.88,91.41,9,176.1,5.86,1.53
2022-02-06,Line 1,5.53,64.95,71.77,7628,445.14,16.85,0.14,81.91,2,168.09,3.3,3.15
2022-02-07,Line 3,2.6,78.02,56.4,10607,447.18,20.34,0.63,90.69,3,122.25,1.94,2.47
2022-02-08,Line 2,2.49,68.94,88.95,4506,371.4,12.51,0.16,96.59,10,234.35,6.19,1.82
2022-02-09,Line 1,2.09,66.98,62.56,3953,349.27,9.97,1.36,93.03,1,193.84,5.8,2.67
2022-02-10,Line 3,7.85,68.7,70.22,2684,352.31,11.74,1.0,89.21,21,219.51,1.5,0.86
2022-02-11,Line 2,7.85,80.0,52.86,19272,417.17,16.16,0.89,93.31,18,211.27,2.44,2.63
2022-02-12,Line 3,5.52,85.59,77.65,10308,379.62,17.12,0.45,96.25,12,234.81,2.62,4.25
2022-02-13,Line 3,6.09,81.32,63.66,11814,456.08,20.25,0.55,95.11,6,217.36,4.12,1.45
2022-02-14,Line 3,4.03,85.64,77.05,17166,323.67,9.52,0.9,89.84,22,133.12,7.35,3.27
2022-02-15,Line 1,5.69,67.74,60.99,9195,318.51,9.58,1.08,93.68,6,203.95,1.38,2.53
2022-02-16,Line 2,3.12,67.53,68.15,12767,510.31,23.45,1.01,89.17,25,219.84,3.53,3.62
2022-02-17,Line 1,6.22,72.83,83.6,12347,405.21,19.72,0.78,97.79,8,240.21,3.74,3.4
2022-02-18,Line 2,7.72,61.58,58.87,15577,400.8,16.04,0.36,87.85,26,109.86,6.54,2.8
2022-02-19,Line 3,2.69,67.69,71.9,12367,428.73,17.7,0.5,85.22,2,264.93,4.57,2.25
2022-02-20,Line 2,4.4,66.61,87.42,11798,455.1,21.54,0.98,94.89,28,134.15,6.07,2.42
2022-02-21,Line 2,4.54,68.12,89.67,15218,396.87,17.2,1.03,99.36,4,238.73,6.92,2.62
2022-02-22,Line 1,5.46,61.18,59.46,2152,384.61,17.1,1.09,93.81,12,251.96,5.68,2.63
2022-02-23,Line 2,2.1,80.06,64.32,12411,392.94,15.57,0.99,87.2,18,215.62,3.66,2.91
2022-02-24,Line 1,7.26,80.3,73.94,18906,364.72,15.69,0.53,97.85,24,149.62,3.56,3.31
2022-02-25,Line 2,5.16,87.81,58.57,19137,478.25,19.27,0.52,87.28,29,202.17,3.13,3.1
2022-02-26,Line 1,4.7,70.69,53.54,17397,456.02,17.24,1.04,99.02,5,141.86,5.23,2.22
2022-02-27,Line 3,9.36,78.35,63.76,9149,452.72,23.15,0.35,85.01,26,109.22,7.7,1.72
2022-02-28,Line 2,8.13,62.0,69.49,7173,471.12,19.13,0.33,98.89,29,212.23,7.8,0.8
2022-03-01,Line 1,5.37,60.73,66.08,6545,398.79,19.84,0.74,87.95,29,254.14,2.8,0.76
2022-03-02,Line 3,8.14,63.31,84.1,9716,426.83,17.23,0.76,87.09,24,242.74,6.32,2.3
2022-03-03,Line 2,5.01,68.71,84.98,6712,375.31,12.59,0.7,89.0,21,208.8,7.5,0.85
2022-03-04,Line 2,2.47,62.22,60.9,11545,452.06,22.42,0.99,82.07,3,187.06,6.47,1.18
2022-03-05,Line 1,6.53,83.87,59.21,19324,404.49,19.49,1.36,96.09,30,256.0,5.67,2.89
2022-03-06,Line 3,6.97,73.72,68.79,12675,403.91,16.04,0.64,97.59,11,146.18,7.66,2.05
2022-03-07,Line 3,1.49,70.92,71.84,16514,478.55,19.45,0.05,86.71,26,192.9,1.84,1.63
2022-03-08,Line 2,3.85,65.81,66.93,6469,389.32,13.29,0.33,91.21,14,170.25,3.89,2.64
2022-03-09,Line 1,6.61,61.92,84.32,2350,423.24,15.28,1.11,93.24,4,250.26,1.44,2.37
2022-03-10,Line 3,7.66,74.91,82.27,14648,376.02,12.57,0.55,93.47,29,138.56,6.39,1.91
2022-03-11,Line 3,3.14,73.27,72.64,13749,407.86,17.01,0.13,88.47,12,247.56,5.9,1.2
2022-03-12,Line 3,6.51,83.71,76.3,3949,446.61,21.57,1.49,89.67,25,141.08,5.89,2.66
2022-03-13,Line 3,3.05,83.41,72.64,14901,467.99,22.87,0.3,88.55,26,248.41,4.92,1.63
2022-03-14,Line 2,1.5,75.93,80.43,9292,350.65,13.66,0.63,94.11,12,211.78,2.79,1.3
2022-03-15,Line 2,6.53,75.99,82.73,19619,417.0,17.64,0.31,98.72,29,221.38,6.12,1.42
2022-03-16,Line 3,2.01,73.85,79.74,10686,332.76,11.58,0.9,82.94,16,291.26,5.98,2.51
2022-03-17,Line 1,2.8,61.72,57.35,8561,374.4,13.45,1.15,92.18,24,283.64,4.1,2.6
2022-03-18,Line 1,9.46,67.07,68.43,11237,388.39,17.63,0.21,98.46,2,172.55,2.67,0.81
2022-03-19,Line 1,9.55,75.31,52.52,9839,340.61,10.55,0.24,93.91,30,200.0,2.75,3.62
2022-03-20,Line 1,3.11,74.51,72.22,15935,370.91,11.96,0.64,96.96,13,235.53,2.96,1.31
2022-03-21,Line 3,8.56,71.01,60.63,13861,266.09,5.6,0.87,88.66,24,247.54,1.43,2.11
2022-03-22,Line 3,5.81,71.2,72.11,8925,355.8,14.74,0.08,88.75,17,211.62,5.4,2.48
2022-03-23,Line 1,2.41,71.59,54.26,16514,378.78,14.39,0.57,98.14,6,177.03,6.68,2.72
2022-03-24,Line 3,4.46,78.65,59.67,7141,396.86,13.89,1.55,89.23,13,228.08,5.01,1.87
2022-03-25,Line 1,5.6,73.1,53.81,17652,444.73,22.82,0.35,88.24,26,283.05,1.84,2.39
2022-03-26,Line 3,4.13,66.54,79.32,9760,431.1,18.83,0.99,95.76,9,210.51,3.42,2.26
2022-03-27,Line 1,2.36,92.52,66.0,17849,341.94,9.69,0.43,86.68,23,270.73,3.55,2.32
2022-03-28,Line 2,2.98,62.85,59.03,19435,466.23,21.32,0.6,91.59,20,122.59,3.7,1.32
2022-03-29,Line 2,7.96,70.49,56.1,5739,334.0,11.56,0.32,90.89,10,245.43,6.78,1.26
2022-03-30,Line 3,4.45,77.15,60.79,14111,377.66,14.06,1.27,83.07,26,184.63,3.62,3.45
2022-03-31,Line 3,4.63,65.55,61.44,12948,401.06,14.24,0.24,88.73,9,141.56,2.56,1.46
2022-04-01,Line 2,5.05,66.24,90.13,7875,470.19,20.43,0.36,85.44,8,204.6,5.29,4.79
2022-04-02,Line 1,8.28,65.53,61.24,2548,414.39,15.78,0.42,96.0,9,247.07,7.3,2.64
2022-04-03,Line 1,8.89,65.31,76.28,5835,348.24,13.51,0.91,92.43,15,160.29,4.86,1.65
2022-04-04,Line 3,2.44,66.26,72.06,15272,425.35,20.48,0.81,77.01,6,220.93,5.91,4.4
2022-04-05,Line 1,2.31,66.43,61.87,12464,331.91,12.29,0.25,81.96,29,227.33,2.06,3.35
2022-04-06,Line 3,4.14,73.0,57.42,15407,423.86,15.78,0.96,88.58,4,201.71,1.51,2.3
2022-04-07,Line 3,7.22,80.88,70.26,4910,377.37,14.88,0.95,93.74,20,286.65,3.23,4.06
2022-04-08,Line 1,2.98,75.71,70.05,19056,364.24,15.53,1.03,91.79,25,248.61,4.62,4.32
2022-04-09,Line 2,5.31,79.0,63.3,7123,350.94,14.94,0.6,96.32,12,169.85,2.91,2.12
2022-04-10,Line 3,2.69,64.13,62.65,12589,396.12,19.46,0.25,95.03,16,232.78,3.57,1.82
2022-04-11,Line 3,3.97,62.6,54.27,3942,327.17,12.07,0.59,90.27,27,177.74,5.73,3.51
2022-04-12,Line 2,7.63,76.12,67.76,13802,456.51,18.8,0.97,98.55,2,200.72,4.25,1.46
2022-04-13,Line 3,5.52,77.74,80.28,5673,385.09,16.6,0.12,85.41,9,254.83,6.49,1.97
2022-04-14,Line 3,7.86,81.98,61.19,14992,388.85,13.02,0.23,95.74,24,198.87,6.27,1.08
2022-04-15,Line 3,7.45,82.82,62.68,16842,320.45,11.63,0.64,90.86,3,208.16,5.6,1.89
2022-04-16,Line 3,4.79,90.14,67.95,4067,253.71,5.28,0.12,90.55,28,233.33,4.96,1.75
2022-04-17,Line 1,3.71,70.3,57.37,7544,362.85,15.94,0.09,96.28,7,190.46,7.44,1.03
2022-04-18,Line 1,7.22,74.54,71.72,11387,455.98,19.38,0.04,81.86,1,201.98,7.83,2.82
2022-04-19,Line 3,5.28,78.27,65.45,8095,361.03,13.87,1.13,89.98,15,203.0,1.4,3.53
2022-04-20,Line 3,6.22,75.34,59.83,15094,318.97,11.54,0.4,96.32,9,184.7,1.69,3.95
2022-04-21,Line 3,8.99,72.63,61.85,13715,331.0,9.09,0.85,95.36,12,162.01,7.61,3.0
2022-04-22,Line 1,6.5,77.21,77.27,11091,488.57,20.45,0.11,93.85,12,278.11,7.71,2.02
2022-04-23,Line 3,3.81,90.67,69.85,4254,425.62,19.97,0.16,78.57,22,281.84,8.09,3.8
2022-04-24,Line 2,6.98,63.46,64.87,14137,421.09,17.4,0.17,95.12,26,210.44,2.86,2.36
2022-04-25,Line 3,8.63,79.69,63.04,16283,519.7,23.22,0.53,95.08,15,264.58,2.14,3.3
2022-04-26,Line 3,4.49,87.83,59.85,5025,441.34,17.09,0.74,82.9,11,210.7,5.17,1.97
2022-04-27,Line 3,2.71,74.66,72.76,18871,385.87,16.05,1.04,85.08,10,240.36,9.01,2.83
2022-04-28,Line 3,6.32,76.0,75.45,7512,406.6,16.81,1.49,75.81,13,269.98,3.84,3.24
2022-04-29,Line 1,6.72,77.13,79.35,12699,381.36,12.18,0.39,90.43,18,130.8,7.07,2.5
2022-04-30,Line 1,3.59,75.42,80.32,3657,404.82,19.26,0.97,86.96,19,238.12,2.27,2.84
2022-05-01,Line 3,3.82,63.94,68.19,3549,361.73,14.67,1.01,94.29,13,272.91,3.27,3.26
2022-05-02,Line 3,2.4,81.11,64.41,8274,426.2,16.65,0.26,91.7,25,229.54,1.5,2.4
2022-05-03,Line 2,8.42,82.99,73.69,14548,416.14,17.21,1.17,97.85,23,152.53,3.51,1.12
2022-05-04,Line 2,2.43,61.5,67.57,9951,456.33,17.48,0.47,84.79,29,223.93,2.74,3.78
2022-05-05,Line 1,5.92,66.74,58.18,2358,402.28,18.43,0.0,93.44,18,146.92,2.24,0.86
2022-05-06,Line 2,6.92,75.3,81.98,4568,438.77,16.89,0.9,93.68,21,216.24,7.87,3.45
2022-05-07,Line 2,5.25,76.76,58.42,7167,312.06,7.53,0.63,85.91,7,223.14,3.54,2.62
2022-05-08,Line 3,2.21,63.37,71.22,8053,354.05,12.6,0.75,89.19,27,258.39,3.59,1.78
2022-05-09,Line 1,8.38,71.89,58.24,15238,341.99,13.86,0.78,97.27,28,233.49,3.63,1.86
2022-05-10,Line 2,1.97,70.11,74.66,11175,384.84,17.89,0.57,79.7,28,220.69,1.54,2.04
2022-05-11,Line 2,9.69,69.19,51.08,18949,362.97,12.37,0.74,96.5,30,261.81,7.97,2.18
2022-05-12,Line 3,4.29,76.2,84.25,15775,503.33,22.49,0.45,91.41,28,136.86,3.62,3.47
2022-05-13,Line 2,4.0,75.55,56.63,10332,347.48,12.01,0.33,88.66,20,185.19,2.21,1.71
2022-05-14,Line 3,2.19,69.97,56.14,6754,383.58,14.52,0.32,95.67,6,194.34,4.83,2.43
2022-05-15,Line 3,4.23,70.13,72.71,13941,303.09,10.05,0.86,95.21,17,150.89,4.62,2.18
2022-05-16,Line 1,9.03,71.52,78.85,10466,431.94,16.59,0.74,88.85,17,246.08,6.41,0.92
2022-05-17,Line 1,5.19,60.97,77.27,19589,443.84,19.92,0.3,89.84,2,278.7,2.32,1.67
2022-05-18,Line 1,4.89,71.14,72.3,7272,433.45,18.65,0.17,98.09,18,225.09,5.1,1.86
2022-05-19,Line 1,5.29,73.64,64.79,2273,478.75,20.31,0.35,93.17,8,225.27,3.77,3.58
2022-05-20,Line 2,6.8,83.16,81.99,15042,420.21,16.11,0.45,81.29,29,296.95,5.61,0.99
2022-05-21,Line 3,4.86,87.06,75.69,5441,456.52,17.45,1.61,92.36,20,179.09,3.0,3.34
2022-05-22,Line 3,3.18,73.81,72.03,9507,316.95,11.07,0.4,81.04,12,171.63,3.49,0.68
2022-05-23,Line 3,5.22,71.03,57.43,4665,321.45,8.84,1.32,89.31,5,215.38,4.81,2.11
2022-05-24,Line 2,1.29,90.29,66.06,13781,388.83,13.56,0.29,82.87,20,250.21,2.07,3.89
2022-05-25,Line 3,9.75,66.56,93.74,9809,508.11,21.58,0.87,96.56,4,202.45,3.14,1.71
2022-05-26,Line 1,4.04,74.28,81.23,5526,428.69,22.66,0.29,90.6,10,188.71,3.9,1.79
2022-05-27,Line 3,7.32,65.5,67.65,12798,372.27,11.96,0.62,90.79,2,249.08,2.1,3.01
2022-05-28,Line 2,5.27,62.38,61.59,16741,340.1,10.14,0.0,90.96,20,256.4,2.44,1.9
2022-05-29,Line 1,3.61,66.22,60.31,11355,374.94,14.41,0.4,92.04,28,182.3,5.55,2.23
2022-05-30,Line 1,4.33,75.22,89.53,4161,391.24,17.67,0.29,95.55,9,189.23,5.24,3.24
2022-05-31,Line 1,7.83,66.11,68.03,14603,434.92,16.96,0.61,74.83,9,261.9,8.9,2.62
2022-06-01,Line 2,6.0,80.31,53.12,14862,393.53,18.44,0.5,85.47,10,192.32,5.35,3.93
2022-06-02,Line 3,3.6,63.55,74.19,3940,420.77,17.77,0.72,90.64,14,163.06,6.64,2.84
2022-06-03,Line 3,5.27,87.45,72.56,14952,346.66,11.87,0.35,86.36,3,186.96,3.99,2.89
2022-06-04,Line 2,4.0,76.02,77.4,18035,317.97,9.27,0.95,84.84,27,229.59,3.26,3.84
2022-06-05,Line 1,5.43,70.93,67.14,4623,396.44,16.17,0.48,90.62,15,164.83,1.85,0.91
2022-06-06,Line 1,5.42,73.31,64.99,17766,401.85,15.73,0.86,93.26,11,211.03,1.67,2.07
2022-06-07,Line 1,4.38,76.82,52.84,4783,370.11,12.37,1.23,88.26,16,130.27,2.63,2.67
2022-06-08,Line 1,6.24,60.99,63.19,12117,290.77,8.99,0.43,96.63,17,227.19,3.4,3.32
2022-06-09,Line 2,3.16,82.02,71.8,19601,417.76,16.54,0.73,84.25,18,198.51,4.91,1.51
2022-06-10,Line 3,7.64,65.61,63.31,17826,439.05,18.31,0.05,92.74,30,193.16,2.28,0.9
2022-06-11,Line 1,6.74,67.6,58.29,18768,317.48,9.93,0.31,82.17,22,225.25,1.81,2.89
2022-06-12,Line 1,3.39,60.89,73.07,16534,438.49,17.84,0.23,90.77,17,250.74,2.24,2.35
2022-06-13,Line 1,6.08,71.56,83.96,2749,460.36,19.25,0.57,82.54,13,148.8,4.13,3.68
2022-06-14,Line 1,5.61,73.51,58.5,16147,339.91,11.13,0.02,90.3,7,256.25,8.58,0.96
2022-06-15,Line 2,4.12,81.62,65.55,2738,346.31,11.63,0.03,99.55,14,218.68,2.64,1.71
2022-06-16,Line 1,5.69,71.28,66.7,8494,446.13,19.9,0.61,83.26,3,261.61,4.91,2.97
2022-06-17,Line 1,3.99,68.38,85.72,5706,401.48,17.14,0.34,96.28,21,226.75,3.06,1.93
2022-06-18,Line 2,8.85,79.38,69.48,2622,344.45,13.57,0.36,98.58,30,178.97,4.79,0.83
2022-06-19,Line 1,4.83,70.91,69.81,18490,321.22,11.45,0.76,83.44,6,200.61,1.12,4.08
2022-06-20,Line 1,4.99,81.0,54.84,14118,322.03,9.33,0.9,94.75,5,255.45,7.64,1.78
2022-06-21,Line 2,2.09,65.9,53.9,15311,501.11,20.81,0.25,90.98,11,156.33,5.31,3.93
2022-06-22,Line 1,7.94,62.98,65.56,4945,422.22,19.57,0.15,98.84,9,166.9,3.14,0.82
2022-06-23,Line 2,2.65,62.67,70.57,17869,318.32,9.54,0.43,89.73,25,227.71,4.75,3.22
2022-06-24,Line 1,2.82,80.13,60.07,4529,331.82,8.94,0.69,89.5,19,150.48,6.96,1.41
2022-06-25,Line 2,1.59,62.9,83.78,5379,435.41,15.98,0.78,97.69,22,173.57,7.74,2.89
2022-06-26,Line 3,3.55,67.1,68.45,4666,378.18,13.3,0.57,82.45,28,182.13,5.44,3.93
2022-06-27,Line 2,4.01,85.7,87.05,13707,372.23,14.08,0.51,89.85,23,168.06,2.3,3.47
2022-06-28,Line 3,5.24,63.02,55.07,5678,312.78,7.81,0.42,95.32,30,238.03,7.71,3.76
2022-06-29,Line 2,3.5,67.41,82.42,13605,336.37,11.49,1.41,93.09,22,179.94,1.88,4.17
2022-06-30,Line 2,5.58,71.9,51.1,18455,427.32,16.45,0.58,90.93,12,208.3,4.78,1.68
2022-07-01,Line 1,7.34,67.95,70.7,6519,445.49,22.4,0.84,89.63,6,234.56,4.34,1.15
2022-07-02,Line 1,5.76,61.76,59.31,10719,333.02,11.14,1.05,96.0,10,254.96,5.88,2.08
2022-07-03,Line 1,9.4,75.14,59.53,15657,434.79,15.95,0.37,83.78,5,218.09,2.28,1.65
2022-07-04,Line 2,3.31,68.26,55.39,17314,300.58,8.78,0.02,97.79,13,155.31,2.95,2.78
2022-07-05,Line 2,1.42,65.07,77.62,16512,311.41,9.51,0.21,90.96,19,152.98,3.23,3.14
2022-07-06,Line 2,9.43,66.67,87.56,12419,432.56,16.99,0.84,98.7,4,204.67,4.86,1.86
2022-07-07,Line 3,4.52,60.76,62.08,3189,340.53,12.22,0.11,88.0,17,255.53,2.41,2.0
2022-07-08,Line 3,5.25,69.2,67.1,11574,338.7,12.91,1.38,89.73,5,234.42,4.68,3.23
2022-07-09,Line 2,8.98,84.35,69.89,6517,293.25,6.65,0.2,93.9,15,238.98,5.42,3.31
2022-07-10,Line 3,4.06,89.07,76.56,15812,306.35,10.16,0.09,82.18,5,139.9,4.0,1.36
2022-07-11,Line 2,2.57,90.61,62.85,11147,351.81,11.54,0.03,94.0,4,177.42,3.68,1.3
2022-07-12,Line 2,7.98,65.87,71.19,10389,373.71,16.7,0.36,87.79,27,230.39,3.08,2.06
2022-07-13,Line 1,3.62,68.92,78.25,3429,415.48,18.34,1.21,88.83,6,210.68,4.71,0.81
2022-07-14,Line 3,6.93,63.43,57.01,14355,441.4,16.83,1.68,90.85,21,222.82,3.35,2.37
2022-07-15,Line 1,6.64,73.91,84.9,17934,333.79,11.72,0.35,89.98,17,233.06,1.2,1.18
2022-07-16,Line 3,4.98,73.64,75.38,12867,330.27,11.78,0.24,95.73,2,168.77,4.78,3.88
2022-07-17,Line 3,2.29,70.68,52.05,11553,460.75,17.67,0.09,88.85,8,208.76,3.89,1.8
2022-07-18,Line 3,2.62,84.19,66.18,2492,385.93,17.67,1.03,82.64,14,278.79,6.1,0.99
2022-07-19,Line 2,3.87,70.26,66.47,3020,420.96,19.09,0.82,90.72,9,183.82,6.8,1.3
2022-07-20,Line 3,5.65,77.54,72.81,17180,331.27,12.73,0.35,94.38,12,193.14,2.73,4.18
2022-07-21,Line 3,5.37,75.7,58.26,14252,325.45,9.32,1.01,92.23,23,227.03,3.74,1.48
2022-07-22,Line 1,4.69,71.33,87.24,11963,370.63,14.41,0.89,86.77,12,265.05,4.54,1.49
2022-07-23,Line 3,5.03,65.89,72.78,13652,445.19,20.48,0.72,90.0,22,241.93,2.89,3.49
2022-07-24,Line 2,1.92,69.09,60.77,3690,402.58,16.94,0.55,95.8,19,245.44,5.21,2.81
2022-07-25,Line 2,6.43,75.95,65.49,7197,373.33,12.05,1.15,95.75,8,202.15,4.56,1.23
2022-07-26,Line 1,5.55,89.48,81.94,12740,352.54,12.94,0.22,94.43,1,234.36,5.69,1.22
2022-07-27,Line 1,4.69,82.1,67.28,13372,466.65,19.6,0.41,83.18,10,197.17,7.19,2.47
2022-07-28,Line 1,1.19,75.17,60.1,3134,358.13,10.88,0.23,96.9,12,176.14,6.74,2.01
2022-07-29,Line 3,2.93,74.0,64.82,3967,500.19,20.45,0.91,94.3,28,131.03,2.65,1.75
2022-07-30,Line 2,6.38,66.23,63.56,2004,369.52,13.64,0.6,98.34,11,233.32,5.36,1.31
2022-07-31,Line 1,4.67,86.71,57.15,11119,408.33,15.93,0.42,85.5,25,242.93,1.03,1.67
2022-08-01,Line 2,1.34,81.35,60.73,9551,367.11,12.21,1.0,95.04,27,255.48,3.61,1.19
2022-08-02,Line 3,6.41,76.1,78.49,12694,393.59,15.37,0.81,91.89,27,173.63,7.44,4.05
2022-08-03,Line 1,5.32,80.51,68.0,2500,302.79,7.84,0.14,97.64,30,215.16,4.22,2.16
2022-08-04,Line 3,3.86,68.73,82.2,17904,474.95,18.94,0.48,83.69,18,254.62,8.25,3.69
2022-08-05,Line 3,2.74,66.67,80.27,19291,319.39,9.82,0.22,80.48,8,240.1,2.77,1.26
2022-08-06,Line 2,6.33,71.37,58.51,18107,431.21,21.73,0.79,81.77,21,190.65,3.68,1.37
2022-08-07,Line 3,5.58,76.45,65.11,17494,365.88,13.62,0.18,88.58,5,277.14,3.66,1.51
2022-08-08,Line 1,7.12,60.08,71.65,17213,461.54,17.46,0.84,95.31,7,233.42,3.09,1.84
2022-08-09,Line 3,1.48,68.64,56.23,18994,424.29,19.54,0.13,96.33,29,217.66,1.18,1.94
2022-08-10,Line 3,7.04,63.61,90.8,10152,430.01,17.55,0.5,92.79,17,183.33,4.8,2.27
2022-08-11,Line 1,4.97,62.96,70.02,14424,335.7,9.94,0.58,96.31,5,263.64,4.78,2.92
2022-08-12,Line 1,3.86,73.42,63.38,6668,423.88,19.56,0.13,94.17,26,227.68,4.55,1.55
2022-08-13,Line 1,7.49,73.8,51.79,4498,447.68,19.97,0.17,97.96,26,236.92,3.67,3.56
2022-08-14,Line 3,7.62,65.79,85.83,16255,497.34,20.93,0.1,79.32,3,284.36,2.38,3.12
2022-08-15,Line 3,6.1,64.37,69.25,18500,342.69,14.17,0.81,99.46,1,238.51,3.65,1.38
2022-08-16,Line 2,2.65,73.32,61.02,10108,322.16,9.68,0.59,93.22,11,249.52,5.38,1.69
2022-08-17,Line 2,4.48,73.94,61.34,19331,389.88,15.41,0.43,97.55,23,183.37,2.62,2.52
2022-08-18,Line 2,5.31,63.01,74.46,12406,387.48,16.44,0.73,91.27,9,258.94,2.69,3.78
2022-08-19,Line 1,1.22,66.99,77.94,16075,504.61,21.58,1.24,80.6,16,252.36,2.81,1.96
2022-08-20,Line 2,2.73,94.32,65.68,17326,386.96,14.78,0.45,91.5,6,227.36,2.58,2.18
2022-08-21,Line 1,3.06,68.73,63.46,16068,370.36,15.28,0.33,99.94,5,115.73,3.29,1.53
2022-08-22,Line 1,5.63,82.29,73.1,4298,430.36,21.93,1.34,95.0,30,236.22,4.48,2.1
2022-08-23,Line 3,2.56,63.02,87.76,6239,363.65,12.22,0.38,96.14,6,201.06,6.7,1.33
2022-08-24,Line 1,6.8,72.92,96.22,19549,337.46,9.49,0.6,86.87,22,236.1,1.99,2.77
2022-08-25,Line 3,7.78,83.92,56.81,19569,393.66,17.05,0.3,86.05,11,207.05,3.37,2.34
2022-08-26,Line 1,2.79,73.43,70.98,18887,328.71,11.71,1.52,85.59,20,238.74,3.2,1.82
2022-08-27,Line 3,8.47,69.58,61.06,7023,354.5,10.47,0.11,78.38,28,174.4,2.6,3.53
2022-08-28,Line 3,5.39,69.63,78.32,16788,423.3,17.35,0.17,92.39,20,133.1,8.03,1.04
2022-08-29,Line 2,5.25,61.2,62.82,4627,306.2,10.35,0.84,94.11,24,193.38,5.13,3.34
2022-08-30,Line 3,9.61,70.08,69.05,18090,349.99,12.17,0.22,99.31,26,215.14,6.29,1.5
2022-08-31,Line 1,3.92,61.72,78.78,7472,418.0,15.13,0.16,97.24,7,188.6,5.2,1.78
2022-09-01,Line 1,3.46,68.53,82.81,10666,502.19,22.17,0.34,91.97,15,201.66,3.49,1.02
2022-09-02,Line 1,2.31,64.18,65.86,19745,346.14,12.75,0.13,87.2,5,187.51,2.84,0.71
2022-09-03,Line 1,5.82,69.12,78.23,9537,322.63,9.71,1.14,94.52,25,164.19,6.28,2.71
2022-09-04,Line 1,8.44,64.66,57.0,15633,423.2,17.19,0.89,88.91,3,242.38,5.07,3.15
2022-09-05,Line 1,3.91,66.13,65.59,14449,404.48,16.5,0.92,93.07,26,258.84,3.66,2.92
2022-09-06,Line 2,4.21,77.73,59.88,17946,414.9,15.34,0.66,80.46,28,145.73,4.86,2.75
2022-09-07,Line 3,2.2,76.42,72.96,12043,327.05,9.84,1.05,83.38,18,267.43,5.32,1.64
2022-09-08,Line 1,8.72,73.86,58.36,5213,365.61,13.91,0.09,88.66,1,187.98,4.5,1.92
2022-09-09,Line 1,3.25,65.22,51.42,13420,386.59,15.84,0.97,84.41,20,212.85,4.53,0.8
2022-09-10,Line 3,3.21,86.04,75.99,19433,428.05,17.15,1.26,86.35,19,237.66,3.69,2.12
2022-09-11,Line 2,3.36,68.24,77.08,4609,400.08,16.18,0.94,97.34,27,182.04,7.1,1.7
2022-09-12,Line 3,5.05,66.47,88.7,12730,289.78,8.73,0.37,87.83,7,141.19,3.93,2.92
2022-09-13,Line 1,2.25,66.15,53.1,13869,491.91,19.63,0.6,88.7,14,107.1,3.71,1.79
2022-09-14,Line 2,7.4,81.96,69.46,9847,519.81,22.71,0.1,95.4,24,230.77,1.96,2.34
2022-09-15,Line 1,5.23,62.1,52.68,13228,361.04,15.31,0.82,96.98,11,225.96,2.05,1.57
2022-09-16,Line 3,2.47,78.38,79.41,6658,302.28,9.15,0.7,92.16,6,270.01,4.9,1.34
2022-09-17,Line 2,3.24,70.62,65.25,5331,439.83,19.16,0.15,77.7,15,154.55,5.7,2.73
2022-09-18,Line 3,7.79,72.57,83.64,8590,477.78,19.42,1.62,90.59,12,221.11,3.7,0.69
2022-09-19,Line 2,5.41,75.89,56.32,13727,426.25,15.35,0.25,98.11,7,168.06,3.84,1.49
2022-09-20,Line 2,7.94,63.97,89.44,3798,338.11,11.29,0.77,95.83,29,200.79,2.62,2.36
2022-09-21,Line 3,5.39,72.68,83.36,13039,446.89,23.02,0.01,86.0,12,196.55,6.54,2.74
2022-09-22,Line 3,4.31,61.65,60.48,2380,396.14,14.15,0.24,97.03,22,214.87,3.22,3.99
2022-09-23,Line 2,5.14,64.87,61.99,9793,488.63,21.49,0.84,86.22,12,153.77,5.51,1.07
2022-09-24,Line 2,6.38,80.35,73.88,7915,372.54,15.13,0.26,86.77,16,189.95,6.71,3.51
2022-09-25,Line 3,8.81,61.94,68.18,4392,422.13,20.92,0.2,98.81,17,239.07,3.89,3.87
2022-09-26,Line 3,9.32,74.79,53.06,9441,424.59,15.74,1.09,93.8,9,228.48,4.21,1.11
2022-09-27,Line 3,4.06,61.57,68.91,6696,484.7,20.56,0.45,98.9,14,220.0,4.66,3.56
2022-09-28,Line 2,5.09,78.41,80.91,8663,323.11,11.88,0.34,84.02,21,112.14,5.71,1.39
2022-09-29,Line 1,7.98,66.7,61.02,7707,442.65,16.75,0.33,94.47,22,247.72,6.31,2.7
2022-09-30,Line 2,1.94,81.73,72.61,6143,342.04,12.87,0.28,89.75,17,216.87,4.79,2.88
2022-10-01,Line 2,3.61,69.47,63.04,4132,319.06,9.3,0.11,93.38,12,255.05,5.4,1.95
2022-10-02,Line 3,8.94,78.91,55.5,11949,409.32,16.9,0.36,91.84,4,182.29,5.03,3.04
2022-10-03,Line 3,4.64,72.94,72.83,11350,334.65,13.22,1.0,91.44,11,283.15,3.25,1.67
2022-10-04,Line 2,7.81,81.43,68.31,14705,364.17,16.2,1.0,89.36,11,124.98,1.15,2.1
2022-10-05,Line 2,6.42,76.25,82.44,2246,505.88,22.37,0.55,91.15,18,205.78,2.26,4.34
2022-10-06,Line 2,9.18,81.43,90.52,13695,320.41,10.21,0.1,92.57,2,156.97,3.29,2.82
2022-10-07,Line 3,5.2,74.85,79.58,12315,467.89,19.0,0.23,97.96,8,211.63,5.25,2.91
2022-10-08,Line 1,3.53,62.05,64.8,11796,333.77,8.97,1.08,82.74,17,212.62,5.68,2.18
2022-10-09,Line 1,3.3,70.86,56.57,17137,520.66,22.05,0.72,94.72,28,221.24,5.77,2.89
2022-10-10,Line 1,4.0,74.81,86.29,4436,415.84,18.58,0.65,98.65,18,232.34,5.39,4.0
2022-10-11,Line 1,7.6,69.84,60.36,8700,388.07,13.27,0.46,90.17,5,205.6,2.29,3.25
2022-10-12,Line 1,5.54,66.62,55.65,18341,336.5,10.91,0.29,99.56,7,215.39,1.21,2.72
2022-10-13,Line 1,3.5,68.97,94.77,11814,366.26,12.59,0.25,96.11,5,280.93,4.66,3.55
2022-10-14,Line 3,7.32,64.61,69.76,12254,507.22,21.65,1.51,92.06,22,119.42,3.84,2.18
2022-10-15,Line 3,3.11,68.87,72.15,16930,356.69,12.12,0.73,93.81,30,156.61,1.55,1.16
2022-10-16,Line 3,3.28,66.08,82.73,19867,417.65,14.78,0.05,97.09,8,147.87,3.91,2.96
2022-10-17,Line 2,7.04,78.31,57.62,8621,279.67,5.72,0.73,79.31,27,258.65,5.53,1.37
2022-10-18,Line 3,5.46,73.06,64.01,7410,452.61,20.89,0.06,81.27,16,128.45,7.11,0.69
2022-10-19,Line 1,3.76,66.38,66.13,12896,348.16,14.01,0.32,94.69,9,291.33,4.15,2.82
2022-10-20,Line 3,5.58,82.03,58.41,17719,448.78,17.93,1.12,93.32,19,292.49,4.6,1.18
2022-10-21,Line 2,6.39,61.66,86.1,10597,398.86,14.0,0.66,98.63,2,200.45,4.02,1.31
2022-10-22,Line 2,3.6,82.57,66.78,18775,319.49,8.41,0.33,89.34,1,201.05,7.03,1.72
2022-10-23,Line 2,6.23,84.07,52.83,2648,385.68,15.61,0.84,90.29,7,165.37,2.86,1.89
2022-10-24,Line 2,5.49,64.54,63.59,14783,269.76,6.07,1.8,75.95,20,187.88,5.76,3.61
2022-10-25,Line 2,8.59,72.11,74.71,9747,452.59,20.87,0.73,83.08,27,185.36,5.26,2.5
2022-10-26,Line 1,7.27,61.43,68.14,4234,328.34,9.61,0.8,88.78,19,276.81,4.11,2.82
2022-10-27,Line 2,2.34,68.78,72.66,13153,374.5,14.01,0.19,96.92,5,151.07,6.77,3.79
2022-10-28,Line 3,6.6,60.3,76.63,19125,473.01,19.78,0.13,79.77,14,250.2,3.37,1.2
2022-10-29,Line 3,7.89,88.03,64.91,15823,362.31,14.26,0.28,98.04,20,169.89,3.82,3.47
2022-10-30,Line 2,3.94,69.08,62.89,6347,463.17,21.03,0.45,99.46,5,252.19,3.14,1.52
2022-10-31,Line 1,5.47,82.38,51.99,8753,363.75,15.93,1.24,85.63,8,168.43,2.09,0.88
2022-11-01,Line 1,8.78,65.43,74.74,11211,402.64,18.53,0.86,83.47,13,160.2,2.07,2.48
2022-11-02,Line 2,1.28,81.03,61.18,10898,402.94,16.07,1.25,99.52,11,222.28,4.34,2.48
2022-11-03,Line 3,5.38,86.09,58.58,17377,436.78,18.56,0.03,78.72,27,258.32,3.03,3.48
2022-11-04,Line 2,5.66,72.49,87.34,11959,363.52,11.65,0.12,96.58,19,196.67,5.98,1.66
2022-11-05,Line 1,6.57,89.34,75.87,9425,359.19,13.09,1.3,78.26,5,147.41,4.54,3.27
2022-11-06,Line 2,7.39,82.57,81.6,19448,357.29,11.2,0.06,76.91,17,163.75,4.36,2.43
2022-11-07,Line 3,4.58,64.84,75.63,14135,475.08,23.34,0.06,78.7,26,252.92,4.17,2.38
2022-11-08,Line 2,4.27,66.42,79.45,10295,282.1,7.89,0.48,77.9,29,226.74,7.12,2.65
2022-11-09,Line 3,4.53,71.86,58.49,15885,357.05,13.68,0.12,85.56,16,261.36,5.4,2.89
2022-11-10,Line 2,3.4,67.54,61.75,14464,410.98,17.03,0.13,82.85,7,115.37,4.07,2.27
2022-11-11,Line 3,3.1,85.22,59.54,15957,441.54,17.25,0.93,87.65,25,165.02,3.59,0.78
2022-11-12,Line 2,2.27,70.41,61.81,4444,331.0,11.12,1.59,82.44,9,232.12,1.33,2.74
2022-11-13,Line 2,2.18,85.47,89.19,10191,362.27,11.7,1.51,91.28,23,146.06,9.3,4.3
2022-11-14,Line 1,4.29,61.33,54.81,8898,490.13,19.78,0.3,97.74,26,249.0,5.16,0.56
2022-11-15,Line 1,3.43,70.62,93.86,15316,389.16,14.64,0.36,89.61,5,290.07,6.39,2.34
2022-11-16,Line 3,3.5,66.26,73.67,10325,414.98,17.38,0.5,94.37,21,197.83,5.44,2.16
2022-11-17,Line 3,8.07,84.04,72.96,6699,447.88,18.16,0.41,83.02,8,194.19,2.7,2.25
2022-11-18,Line 3,6.53,72.36,54.31,5948,491.64,22.81,0.22,92.6,14,184.25,5.0,1.63
2022-11-19,Line 1,8.75,69.26,71.77,16432,404.76,15.04,1.59,93.66,10,238.77,3.99,4.23
2022-11-20,Line 2,6.25,78.16,69.58,2689,478.78,21.34,0.11,94.09,5,273.24,5.65,3.1
2022-11-21,Line 1,6.29,72.04,60.5,6703,430.62,21.08,0.21,97.62,5,138.46,4.57,3.04
2022-11-22,Line 3,3.5,67.7,70.12,17938,443.89,17.8,0.32,97.49,26,283.39,6.88,2.71
2022-11-23,Line 1,4.98,62.62,87.18,19715,378.75,12.54,0.2,96.06,1,229.37,5.96,2.01
2022-11-24,Line 2,4.41,75.55,55.21,15404,423.8,18.83,0.65,86.45,16,276.81,3.89,1.58
2022-11-25,Line 2,4.0,73.55,63.9,3449,356.71,12.71,0.39,85.26,15,117.22,3.56,1.12
2022-11-26,Line 1,7.73,78.22,74.16,18104,379.15,13.44,0.81,88.11,2,238.53,2.96,3.04
2022-11-27,Line 3,3.57,82.66,64.48,19082,337.02,12.28,1.25,81.58,2,197.62,1.23,1.94
2022-11-28,Line 1,6.39,80.0,72.33,13792,372.87,14.29,0.57,95.53,12,226.91,1.95,2.77
2022-11-29,Line 1,7.85,78.76,87.81,3499,400.42,14.87,0.83,93.68,16,277.22,4.56,3.77
2022-11-30,Line 1,2.75,70.8,66.63,12433,477.41,18.91,0.29,92.41,16,167.43,3.56,2.47
2022-12-01,Line 2,3.42,63.49,80.82,8785,316.59,8.93,0.97,85.95,30,282.47,2.3,1.36
2022-12-02,Line 2,8.82,85.4,80.04,17968,374.63,17.03,1.13,95.49,3,147.48,1.52,0.68
2022-12-03,Line 2,6.6,65.66,69.51,5593,410.39,20.7,0.24,87.99,19,237.37,5.96,2.15
2022-12-04,Line 2,1.66,64.23,73.14,3292,385.06,13.87,0.7,91.93,20,184.45,3.41,2.95
2022-12-05,Line 1,2.71,80.09,87.33,19650,379.06,16.31,0.49,88.52,8,161.87,6.4,2.69
2022-12-06,Line 1,7.73,68.88,55.5,7935,353.45,13.44,1.05,90.07,26,262.25,3.65,0.82
2022-12-07,Line 1,5.27,74.51,76.64,15711,463.83,17.63,0.53,99.29,18,223.56,3.92,1.97
2022-12-08,Line 2,2.59,64.0,61.36,13360,340.28,12.72,0.79,74.47,17,201.42,1.14,2.61
2022-12-09,Line 1,4.64,61.75,50.52,18530,352.29,12.76,1.51,92.42,11,151.37,4.25,1.8
2022-12-10,Line 3,5.74,78.72,78.56,17634,463.59,19.97,0.3,98.01,3,148.92,4.99,3.08
2022-12-11,Line 1,3.01,61.69,67.43,12819,420.83,14.85,1.13,96.28,14,141.31,1.99,3.18
2022-12-12,Line 3,5.65,72.66,53.74,19052,358.35,10.83,1.29,91.15,28,283.43,6.29,3.57
2022-12-13,Line 2,3.32,81.13,77.76,2858,445.95,18.6,1.14,89.8,12,207.5,4.64,2.85
2022-12-14,Line 3,4.86,82.5,65.09,6371,444.98,17.01,0.29,95.6,23,172.54,5.64,3.15
2022-12-15,Line 1,4.21,66.91,77.29,14973,437.2,16.14,0.59,84.72,7,195.5,2.78,2.14
2022-12-16,Line 2,7.03,75.93,64.05,2665,479.06,20.18,0.49,97.76,13,238.53,8.24,2.03
2022-12-17,Line 3,6.38,61.59,72.38,4187,450.22,20.36,0.57,92.89,26,273.16,5.72,2.86
2022-12-18,Line 1,9.25,85.2,59.24,2448,326.42,11.17,0.54,95.63,15,263.62,5.12,1.99
2022-12-19,Line 2,6.6,80.73,70.31,5757,410.93,18.03,0.28,92.71,15,245.16,1.51,2.57
2022-12-20,Line 3,8.56,65.93,75.75,17592,435.92,16.84,0.48,79.47,24,144.59,3.71,1.9
2022-12-21,Line 1,3.15,80.3,87.34,17485,410.13,14.79,0.22,83.31,16,194.95,3.69,1.92
2022-12-22,Line 3,1.39,64.57,61.12,3522,401.76,18.4,0.96,88.73,2,200.46,4.76,2.09
2022-12-23,Line 3,6.18,65.69,55.77,10115,368.14,13.57,0.62,81.55,8,165.76,1.96,2.01
2022-12-24,Line 1,7.06,74.24,71.77,14066,364.94,12.29,0.72,78.3,1,135.04,2.6,2.59
2022-12-25,Line 2,6.56,69.89,57.78,16171,489.28,21.76,0.64,85.08,8,172.03,2.44,4.6
2022-12-26,Line 2,3.15,81.83,56.71,10617,386.63,17.74,0.22,90.8,13,230.01,3.77,1.59
2022-12-27,Line 3,7.33,61.34,76.51,13503,460.14,22.67,0.49,76.82,26,194.53,4.65,4.26
2022-12-28,Line 3,8.29,80.57,71.58,15876,426.59,19.06,0.27,82.01,3,278.59,2.23,1.32
2022-12-29,Line 2,7.32,74.73,76.39,16039,453.52,19.56,1.46,95.0,7,181.47,6.42,2.81
2022-12-30,Line 3,8.41,66.87,83.61,13286,344.09,13.43,0.86,85.33,14,246.73,4.05,2.78
2022-12-31,Line 1,9.23,80.48,54.86,13709,380.6,16.25,0.5,73.61,19,252.3,4.38,3.16
2023-01-01,Line 3,2.15,78.79,75.42,19309,371.11,14.0,0.89,94.87,24,210.02,1.08,1.66
2023-01-02,Line 1,5.45,69.68,68.96,15741,506.99,20.89,0.3,90.77,27,296.08,3.05,1.9
2023-01-03,Line 3,2.75,81.09,62.53,7978,392.45,13.68,0.46,95.96,30,166.62,5.12,2.2
2023-01-04,Line 1,3.93,78.17,62.28,6882,345.33,12.89,1.22,91.37,13,170.41,4.6,2.36
2023-01-05,Line 1,7.23,76.26,71.43,16740,450.56,18.26,1.38,84.4,28,220.82,7.42,3.2
2023-01-06,Line 1,7.03,61.67,60.0,13433,366.66,15.0,0.16,83.76,27,205.6,4.66,1.3
2023-01-07,Line 2,4.25,70.99,56.42,10361,327.61,9.74,0.49,89.78,8,251.01,6.7,2.88
2023-01-08,Line 3,5.93,64.69,91.96,6162,417.78,18.77,0.22,84.86,16,245.8,6.28,1.36
2023-01-09,Line 2,3.22,67.21,56.01,18794,410.81,14.63,0.65,85.75,2,285.33,2.7,1.63
2023-01-10,Line 2,4.17,71.1,58.64,13518,454.33,19.15,0.07,89.14,3,228.86,5.55,1.25
2023-01-11,Line 3,6.41,88.44,74.56,19599,473.19,21.6,0.95,98.28,24,229.2,5.88,1.24
2023-01-12,Line 1,7.53,88.95,50.64,6995,351.4,10.77,0.26,88.48,9,157.84,6.58,2.31
2023-01-13,Line 1,2.14,82.89,80.88,10025,456.23,18.82,0.25,91.16,6,166.44,2.21,1.74
2023-01-14,Line 2,2.71,86.76,65.57,4271,446.66,20.73,0.15,84.45,6,181.37,8.69,3.93
2023-01-15,Line 3,3.39,62.83,53.36,3617,347.1,14.1,1.31,93.69,20,123.44,2.22,0.77
2023-01-16,Line 2,1.52,62.7,72.97,16175,420.81,19.64,0.03,99.34,28,271.55,2.53,3.09
2023-01-17,Line 3,3.04,70.31,67.09,15100,463.56,19.9,0.35,96.49,6,186.84,3.67,0.96
2023-01-18,Line 2,5.66,70.34,77.79,7269,346.93,13.76,0.94,89.6,18,288.24,5.29,2.89
2023-01-19,Line 1,4.28,71.42,74.76,4678,338.02,9.59,0.16,86.82,25,230.35,9.0,2.84
2023-01-20,Line 2,5.45,62.58,54.15,14018,440.13,19.92,0.01,99.74,23,295.82,5.01,1.89
2023-01-21,Line 3,4.35,81.37,68.21,10141,346.49,13.14,0.7,81.03,22,225.98,8.06,2.18
2023-01-22,Line 2,5.13,86.65,93.23,4523,432.88,22.14,0.33,81.43,4,253.31,4.99,4.63
2023-01-23,Line 2,7.62,76.77,75.46,14471,433.14,17.79,0.59,88.18,26,184.33,7.99,2.37
2023-01-24,Line 2,7.99,73.15,85.95,8697,461.89,19.29,0.42,87.78,27,185.02,6.43,2.11
2023-01-25,Line 2,8.97,73.42,53.73,5483,467.33,19.95,0.45,98.74,12,272.53,6.3,1.5
2023-01-26,Line 2,1.41,81.76,69.02,18002,464.91,22.84,0.14,94.59,24,245.19,7.03,3.37
2023-01-27,Line 2,3.31,63.77,58.88,12703,478.41,18.59,0.22,98.28,1,191.0,3.14,2.65
2023-01-28,Line 1,4.82,62.55,57.8,14623,367.99,12.77,0.3,87.38,26,297.13,4.53,3.46
2023-01-29,Line 1,7.8,82.32,68.65,19081,510.96,21.85,0.0,83.85,22,223.97,6.61,2.27
2023-01-30,Line 1,7.74,81.02,64.47,17422,348.24,13.9,0.18,87.51,19,124.14,6.81,1.96
2023-01-31,Line 1,6.24,73.38,56.3,14480,422.81,15.53,1.27,87.93,26,281.68,3.66,3.08
2023-02-01,Line 1,5.09,75.63,81.29,8542,474.12,19.4,0.69,97.87,11,189.03,3.79,3.65
2023-02-02,Line 2,6.67,77.33,85.33,13291,268.9,6.3,1.02,75.52,3,167.02,2.69,1.68
2023-02-03,Line 2,3.9,64.41,62.54,18605,397.36,18.41,0.58,83.93,23,221.39,4.88,3.1
2023-02-04,Line 3,3.49,71.75,75.07,5043,417.84,20.76,0.98,98.16,12,247.97,5.78,3.43
2023-02-05,Line 2,7.7,75.96,75.28,4783,393.18,13.77,0.87,85.45,6,174.73,6.56,2.56
2023-02-06,Line 3,2.63,79.59,54.36,19525,338.47,11.68,0.58,92.11,17,201.68,5.37,2.96
2023-02-07,Line 2,2.92,76.1,60.39,9622,260.23,5.52,0.31,87.59,17,220.09,5.21,3.43
2023-02-08,Line 1,8.48,75.65,64.28,10170,363.09,13.82,0.36,98.09,2,277.54,2.89,3.09
2023-02-09,Line 3,1.74,70.46,73.44,3470,497.67,21.06,0.08,86.22,20,226.96,2.07,3.79
2023-02-10,Line 3,6.19,68.79,76.27,5707,420.49,19.71,0.01,78.6,13,245.91,5.61,2.74
2023-02-11,Line 2,4.13,70.56,73.85,6057,447.38,19.94,1.0,90.09,15,167.53,7.64,2.97
2023-02-12,Line 1,5.25,63.03,70.18,3126,428.23,21.69,0.62,91.86,13,137.74,5.32,2.2
2023-02-13,Line 3,3.73,79.55,55.55,18510,338.06,9.97,0.14,79.46,20,252.7,7.84,1.33
2023-02-14,Line 2,4.79,62.65,51.39,19927,360.55,13.29,1.48,91.62,17,233.58,5.2,3.21
2023-02-15,Line 2,5.85,86.51,67.43,11150,382.61,14.96,1.43,80.11,3,176.91,6.99,2.15
2023-02-16,Line 1,6.0,79.25,86.91,14751,416.92,17.49,0.03,88.55,26,223.27,4.74,1.84
2023-02-17,Line 1,4.8,70.47,63.18,8658,453.42,20.32,0.08,99.04,4,154.7,6.24,1.03
2023-02-18,Line 1,4.93,67.45,72.48,4841,371.66,12.29,0.01,93.05,30,141.82,4.93,2.0
2023-02-19,Line 2,3.71,72.4,64.02,15688,344.89,12.62,1.02,95.07,4,164.49,2.52,1.94
2023-02-20,Line 1,6.88,72.47,68.27,5529,452.75,18.84,0.89,91.0,4,230.66,5.19,2.33
2023-02-21,Line 1,1.95,67.15,83.26,12936,416.9,17.42,0.97,90.39,18,268.05,7.02,1.18
2023-02-22,Line 2,9.17,64.1,58.27,5466,427.75,18.04,0.08,90.21,10,197.15,6.55,1.52
2023-02-23,Line 1,5.82,67.21,79.06,16711,389.44,12.86,0.18,95.15,11,212.02,5.29,2.82
2023-02-24,Line 2,6.39,68.55,94.37,6939,459.44,18.08,0.38,76.73,16,219.83,5.64,2.12
2023-02-25,Line 1,3.07,85.6,83.64,13855,382.45,16.83,0.83,96.15,1,224.03,3.64,1.71
2023-02-26,Line 1,6.04,67.69,76.55,10246,450.58,18.31,1.19,78.88,8,129.11,4.96,1.7
2023-02-27,Line 1,3.83,82.27,75.24,16332,463.87,22.9,0.51,89.84,30,198.33,1.69,1.2
2023-02-28,Line 2,5.87,78.95,67.79,16681,420.04,17.81,0.54,96.68,15,140.18,7.04,4.57
2023-03-01,Line 1,4.14,73.61,70.23,13532,465.37,22.37,0.59,84.51,20,252.41,5.73,3.21
2023-03-02,Line 3,8.67,73.71,70.46,17020,344.96,14.29,0.77,84.98,29,151.39,3.35,2.22
2023-03-03,Line 2,4.87,80.95,64.03,15493,357.38,13.95,0.98,93.7,20,214.4,4.95,4.6
2023-03-04,Line 3,6.91,64.27,86.79,19621,332.46,12.05,0.78,97.14,17,111.19,3.27,1.49
2023-03-05,Line 2,6.64,79.99,72.66,16537,390.7,17.54,0.03,86.17,7,237.56,4.02,2.43
2023-03-06,Line 3,3.82,66.18,73.65,2160,454.63,16.98,0.84,91.88,23,212.55,6.22,3.2
2023-03-07,Line 3,1.41,84.19,59.74,6699,358.53,13.57,0.13,90.25,24,259.71,6.31,1.91
2023-03-08,Line 3,5.61,61.57,56.65,6025,383.64,14.55,1.12,97.01,2,269.71,8.64,1.02
2023-03-09,Line 3,5.03,73.91,75.06,14830,452.24,16.94,1.27,86.93,3,207.79,5.78,4.12
2023-03-10,Line 1,7.1,66.99,64.55,10619,396.64,18.44,0.86,97.24,17,258.44,7.79,1.13
2023-03-11,Line 1,7.81,68.06,76.77,4459,327.45,12.09,0.22,85.84,17,196.7,4.13,1.11
2023-03-12,Line 1,3.48,69.64,53.46,15924,425.62,22.39,0.75,89.57,14,233.12,4.51,2.36
2023-03-13,Line 1,5.73,66.86,65.95,17294,430.34,17.96,0.75,94.67,20,267.37,3.41,1.66
2023-03-14,Line 1,7.6,66.46,82.82,16022,421.12,20.62,0.94,73.68,4,265.82,2.34,2.94
2023-03-15,Line 3,6.24,69.9,94.89,18040,476.79,21.02,0.33,85.69,23,210.71,2.73,2.6
2023-03-16,Line 3,5.78,67.54,87.71,15678,374.99,13.5,0.37,92.0,7,131.85,3.88,1.45
2023-03-17,Line 1,4.72,70.81,76.91,9929,311.49,8.9,0.18,90.82,18,244.32,2.2,3.64
2023-03-18,Line 1,5.88,65.26,85.62,13038,343.1,14.13,0.94,92.42,3,239.55,1.43,3.82
2023-03-19,Line 2,2.09,78.8,91.71,17884,362.65,16.13,0.29,93.79,20,228.99,8.2,2.54
2023-03-20,Line 1,3.61,67.7,50.28,11942,386.72,12.85,0.94,84.24,26,179.32,2.8,3.05
2023-03-21,Line 3,4.64,67.3,73.62,4630,370.55,14.91,0.05,86.38,24,250.05,8.23,2.07
2023-03-22,Line 2,5.77,78.59,63.57,16496,349.92,12.96,0.4,94.03,9,243.67,1.72,2.3
2023-03-23,Line 3,2.72,73.51,80.71,12282,314.23,7.8,0.32,93.09,12,206.39,2.15,1.15
2023-03-24,Line 3,1.38,78.64,82.87,19938,420.25,18.69,1.31,84.28,10,260.52,5.01,3.31
2023-03-25,Line 1,4.88,73.28,57.89,5446,347.78,11.27,0.34,87.19,21,151.72,6.54,2.06
2023-03-26,Line 3,8.68,66.65,76.7,19904,362.18,12.11,0.64,94.73,24,165.33,5.54,3.3
2023-03-27,Line 2,2.29,71.59,78.53,11733,389.73,14.31,0.41,86.2,25,187.63,7.91,2.79
2023-03-28,Line 2,6.26,69.55,54.04,16686,414.67,20.29,0.65,90.12,1,260.79,4.3,2.7
2023-03-29,Line 2,4.72,80.65,59.44,10934,505.83,21.03,0.27,89.34,10,194.75,4.6,2.27
2023-03-30,Line 3,5.71,90.31,54.4,9581,401.67,13.73,0.59,86.0,23,194.49,2.07,1.29
2023-03-31,Line 2,2.51,76.6,68.2,5039,412.09,14.57,0.09,93.03,3,112.52,4.79,1.16
2023-04-01,Line 2,4.51,72.62,70.73,3757,352.05,13.69,0.71,86.98,19,222.71,2.73,2.54
2023-04-02,Line 3,1.99,73.28,74.57,15522,447.31,18.58,0.46,78.16,18,149.21,1.61,3.0
2023-04-03,Line 3,5.35,64.26,90.88,16188,373.2,16.61,0.88,95.37,4,236.38,2.98,1.36
2023-04-04,Line 1,5.05,68.48,85.93,9032,348.5,13.49,0.75,85.45,20,262.92,2.65,3.79
2023-04-05,Line 3,1.83,80.61,67.02,16015,494.73,19.75,0.12,89.62,13,177.2,2.9,1.44
2023-04-06,Line 1,2.12,65.21,70.93,5180,445.41,17.52,0.7,97.14,12,134.66,5.95,3.55
2023-04-07,Line 1,8.9,78.9,72.54,4118,452.52,19.55,0.44,86.72,29,148.07,3.2,0.81
2023-04-08,Line 1,5.91,85.97,55.16,2640,457.28,18.69,0.2,83.47,26,185.28,4.54,0.77
2023-04-09,Line 2,6.68,64.93,65.76,5502,394.64,14.29,0.83,80.3,23,118.81,3.34,2.93
2023-04-10,Line 3,5.0,81.49,73.02,12596,391.43,14.68,1.28,97.35,7,206.57,2.06,1.3
2023-04-11,Line 3,2.49,71.63,57.45,13748,389.06,14.65,0.71,93.0,1,297.87,4.37,1.75
2023-04-12,Line 3,6.99,67.18,76.81,2904,346.61,12.09,0.04,95.29,27,222.06,3.24,2.17
2023-04-13,Line 1,4.77,65.71,70.3,5703,444.37,23.52,0.04,87.57,22,218.38,5.97,1.34
2023-04-14,Line 1,6.0,83.83,71.62,6414,393.22,17.78,0.52,93.22,23,247.23,7.02,2.67
2023-04-15,Line 2,6.97,84.78,63.99,9157,429.01,16.23,0.26,99.31,17,197.45,1.33,2.82
2023-04-16,Line 2,8.47,76.98,89.97,11735,378.27,17.38,0.2,89.67,22,232.73,2.18,1.22
2023-04-17,Line 2,4.89,60.65,64.98,10723,422.63,16.58,1.31,95.51,22,200.27,6.85,1.65
2023-04-18,Line 1,5.05,83.06,57.7,6812,342.86,11.2,0.0,97.24,9,172.06,4.17,2.88
2023-04-19,Line 1,3.96,73.78,61.84,15354,461.92,17.49,0.14,91.27,23,163.86,1.58,3.17
2023-04-20,Line 2,4.01,72.21,59.08,9106,401.12,17.98,0.05,83.63,30,220.82,4.12,3.13
2023-04-21,Line 3,7.5,80.86,70.44,18402,477.04,19.19,0.42,85.3,3,252.33,7.05,2.14
2023-04-22,Line 2,7.15,77.88,76.82,12240,486.87,21.25,0.8,82.68,14,218.34,2.45,2.51
2023-04-23,Line 1,3.01,66.93,78.63,4300,364.72,12.81,0.22,81.46,17,240.62,1.22,2.18
2023-04-24,Line 2,1.54,67.92,70.18,11912,350.54,12.36,1.05,88.19,6,219.88,6.79,3.37
2023-04-25,Line 3,1.78,80.88,62.28,5750,339.34,11.48,0.81,96.83,10,194.03,5.44,1.33
2023-04-26,Line 1,5.66,80.69,68.08,6534,469.32,19.39,1.15,87.28,23,266.97,4.18,1.11
2023-04-27,Line 2,5.55,74.97,52.1,8314,397.65,16.09,0.05,80.24,24,162.9,8.32,1.97
2023-04-28,Line 1,3.42,69.35,79.74,8291,457.96,19.22,1.12,78.55,17,180.22,2.3,3.73
2023-04-29,Line 1,6.47,69.79,58.51,6794,452.31,20.27,0.4,98.78,30,245.64,5.3,1.43
2023-04-30,Line 2,6.86,85.45,76.6,14978,344.53,12.16,0.63,98.91,21,222.15,8.58,1.68
2023-05-01,Line 2,2.67,70.48,51.44,6127,347.28,10.22,0.32,94.75,8,246.29,6.49,1.46
2023-05-02,Line 1,2.06,71.88,79.77,10099,381.02,16.52,0.26,90.56,5,179.59,4.52,3.12
2023-05-03,Line 1,5.15,71.78,66.94,9912,491.04,21.82,0.81,91.37,19,165.46,2.0,1.31
2023-05-04,Line 1,5.03,68.74,74.62,4019,382.5,15.35,1.13,85.93,21,290.24,5.23,1.81
2023-05-05,Line 2,1.76,74.31,74.29,13100,409.87,17.46,0.48,81.83,1,154.11,1.54,3.04
2023-05-06,Line 1,2.19,64.06,59.86,11349,443.76,20.8,0.67,79.78,28,165.91,6.42,1.85
2023-05-07,Line 3,4.47,75.83,88.48,10383,411.12,20.04,0.25,87.68,29,230.52,7.0,1.39
2023-05-08,Line 2,4.64,68.94,52.77,18934,437.08,21.96,1.05,90.11,16,246.98,5.45,0.64
2023-05-09,Line 3,5.3,76.9,60.69,2329,259.9,5.86,0.18,98.89,27,185.9,8.35,2.68
2023-05-10,Line 3,5.98,85.02,62.45,3376,382.32,15.16,0.13,94.95,5,272.36,7.29,0.8
2023-05-11,Line 1,8.53,74.4,62.61,4029,320.01,11.22,0.39,82.39,14,225.11,5.87,3.31
2023-05-12,Line 3,4.45,80.52,54.52,4683,355.97,14.1,0.3,94.59,21,242.19,6.67,3.21
2023-05-13,Line 2,9.24,70.0,54.94,10757,340.02,12.2,0.14,75.34,2,234.48,4.2,4.38
2023-05-14,Line 1,6.64,70.28,70.2,8869,467.08,21.02,0.05,99.28,23,178.07,6.96,0.9
2023-05-15,Line 2,5.43,75.89,75.99,9972,292.07,8.32,0.84,85.63,30,207.54,1.6,0.99
2023-05-16,Line 3,6.24,62.64,71.71,9840,338.17,12.8,0.45,94.17,17,217.78,3.1,1.11
2023-05-17,Line 2,5.26,83.96,74.55,6697,359.17,11.93,1.26,88.62,4,196.47,4.37,2.78
2023-05-18,Line 3,7.4,67.89,68.55,7029,395.89,17.38,1.23,88.25,1,260.02,5.68,1.4
2023-05-19,Line 1,5.97,86.78,66.63,8468,397.78,14.04,0.6,93.21,20,182.29,6.35,1.85
2023-05-20,Line 2,6.68,81.27,58.36,7150,437.45,18.23,0.31,80.91,18,215.94,3.31,3.1
2023-05-21,Line 2,4.87,70.86,67.16,19985,348.85,14.75,1.33,91.83,20,157.79,1.23,1.92
2023-05-22,Line 2,6.71,73.2,83.22,6702,444.55,22.73,0.42,96.87,6,169.73,2.57,3.77
2023-05-23,Line 3,4.46,87.83,59.16,11209,342.08,12.23,0.23,89.27,1,162.93,2.78,2.62
2023-05-24,Line 3,4.18,63.27,77.99,12679,423.84,15.82,0.62,92.73,8,240.72,2.23,2.14
2023-05-25,Line 1,6.84,70.29,82.74,14921,393.89,13.82,0.89,89.76,2,189.97,2.75,4.48
2023-05-26,Line 2,4.83,84.99,53.31,8089,379.86,12.65,0.34,79.29,9,245.15,3.94,2.21
2023-05-27,Line 2,3.23,77.29,87.5,4445,350.11,11.08,0.67,86.24,21,248.25,7.46,3.01
2023-05-28,Line 1,9.73,88.53,62.96,13504,464.77,19.48,0.31,98.15,13,270.53,4.24,3.23
2023-05-29,Line 2,5.67,63.01,95.13,8736,439.43,18.97,0.39,98.22,16,179.01,3.79,3.7
2023-05-30,Line 1,5.53,64.29,80.25,2689,369.94,14.77,0.22,78.1,8,289.13,4.89,1.98
2023-05-31,Line 3,9.04,63.73,72.36,10556,331.81,10.73,1.17,97.72,23,276.43,2.22,2.53
2023-06-01,Line 3,6.68,82.69,86.79,7368,402.25,16.33,0.15,95.08,28,144.69,2.27,3.74
2023-06-02,Line 2,5.94,86.56,51.65,13559,489.9,22.76,0.48,90.87,11,184.6,7.16,2.89
2023-06-03,Line 1,8.63,73.16,58.0,5987,466.2,20.12,0.32,93.1,13,206.45,3.35,0.64
2023-06-04,Line 2,8.35,72.98,68.25,8387,392.06,18.71,0.34,89.74,9,206.2,7.22,3.7
2023-06-05,Line 3,9.52,83.37,63.35,9341,337.79,9.49,0.7,87.65,13,238.91,4.01,1.65
2023-06-06,Line 1,4.2,64.43,69.73,10397,371.26,16.88,0.52,90.96,1,147.82,5.48,2.58
2023-06-07,Line 2,7.61,74.28,54.05,4699,371.42,14.42,0.11,77.73,28,253.63,3.99,2.69
2023-06-08,Line 3,4.11,74.27,70.17,3778,417.89,19.32,0.37,98.21,11,273.19,4.91,3.17
2023-06-09,Line 1,5.49,72.95,74.14,5038,496.51,22.88,0.37,91.07,22,252.04,4.45,2.46
2023-06-10,Line 3,4.11,90.43,60.66,10657,322.62,8.3,0.17,84.85,13,199.51,6.33,1.49
2023-06-11,Line 3,8.66,75.68,79.89,14407,497.37,22.43,0.02,96.78,4,252.75,1.87,2.73
2023-06-12,Line 3,4.77,66.35,66.41,7234,382.15,16.54,0.42,88.42,20,172.45,7.55,1.93
2023-06-13,Line 3,2.69,77.22,89.92,17293,422.28,19.57,0.15,91.92,21,282.6,4.77,1.89
2023-06-14,Line 3,3.89,66.53,70.64,15521,496.15,20.26,0.91,98.74,25,202.29,4.87,2.32
2023-06-15,Line 1,5.21,81.85,54.31,7949,414.15,14.79,0.32,89.47,7,104.66,2.94,2.18
2023-06-16,Line 2,2.27,64.72,56.13,19577,392.2,14.87,1.11,79.79,5,155.45,1.66,1.74
2023-06-17,Line 3,3.92,69.99,61.11,17506,353.68,13.91,1.3,88.36,20,235.86,1.7,2.42
2023-06-18,Line 3,1.84,83.12,60.6,13316,487.78,20.63,0.47,84.52,30,215.07,2.37,2.28
2023-06-19,Line 3,5.02,82.81,62.89,10986,409.5,15.53,1.73,84.97,22,175.29,2.99,2.93
2023-06-20,Line 2,5.51,65.59,72.7,2237,432.1,19.8,0.16,82.61,9,236.57,1.55,2.02
2023-06-21,Line 1,6.36,65.21,53.04,7560,498.48,21.79,0.96,91.13,8,264.89,6.99,1.74
2023-06-22,Line 3,3.78,72.64,92.55,17625,394.23,18.84,0.29,93.15,21,270.9,1.37,1.44
2023-06-23,Line 3,5.53,83.33,58.77,10074,477.58,18.93,0.94,92.81,29,214.61,3.92,4.53
2023-06-24,Line 2,5.42,74.59,83.78,12854,433.99,21.25,0.9,87.98,24,292.0,1.28,3.08
2023-06-25,Line 1,8.09,80.68,53.06,15021,375.5,14.93,0.1,96.84,2,157.41,2.27,1.8
2023-06-26,Line 2,8.03,81.39,67.61,12698,429.32,18.13,0.45,82.73,23,278.81,6.09,1.9
2023-06-27,Line 2,6.72,71.69,89.19,17814,351.13,10.5,0.02,82.93,10,188.08,3.79,3.66
2023-06-28,Line 3,5.22,72.78,83.84,17127,351.37,10.86,0.2,94.46,15,171.17,4.39,2.7
2023-06-29,Line 1,6.31,66.17,57.76,13353,541.26,22.94,0.25,90.21,27,226.83,6.02,2.82
2023-06-30,Line 1,3.26,63.2,50.62,18168,381.11,15.32,0.08,82.65,9,173.69,4.35,0.69
2023-07-01,Line 2,4.95,76.47,59.93,12945,438.73,18.15,0.37,93.02,25,217.63,4.7,1.9
2023-07-02,Line 2,6.42,74.85,54.99,12760,328.74,9.79,0.82,91.81,19,235.17,8.24,3.62
2023-07-03,Line 1,3.01,80.53,52.29,17406,440.57,19.46,0.18,99.53,16,134.72,4.04,4.55
2023-07-04,Line 2,4.03,64.64,54.69,14216,411.89,18.8,0.25,97.25,9,268.11,4.48,3.18
2023-07-05,Line 2,4.71,65.41,60.47,14610,311.89,9.87,0.15,87.33,17,281.26,2.92,1.14
2023-07-06,Line 2,3.28,80.33,51.39,7529,481.48,20.37,0.72,97.38,5,276.39,1.28,2.02
2023-07-07,Line 2,2.54,93.32,60.33,16738,434.56,20.34,0.29,90.51,5,211.22,3.78,0.98
2023-07-08,Line 1,4.72,70.73,77.05,4670,398.95,14.58,0.87,97.55,4,274.23,4.57,2.7
2023-07-09,Line 1,6.47,66.16,68.06,13454,513.56,22.03,0.01,89.83,25,282.89,8.23,1.4
2023-07-10,Line 1,5.68,68.95,72.42,10581,331.41,11.75,0.62,86.91,26,169.3,8.22,2.76
2023-07-11,Line 2,6.69,65.66,75.43,6751,367.26,11.36,0.34,88.26,1,224.2,4.29,1.17
2023-07-12,Line 1,5.56,71.66,60.01,12888,463.75,21.64,0.85,96.32,3,282.26,4.89,2.35
2023-07-13,Line 3,6.97,72.11,82.0,12829,397.34,19.19,1.08,90.34,9,203.89,5.2,2.06
2023-07-14,Line 3,6.6,71.71,62.1,15969,440.14,22.73,0.73,79.51,25,239.69,1.48,1.98
2023-07-15,Line 1,5.9,79.06,67.35,2877,339.68,9.68,0.46,92.16,21,206.76,5.47,2.45
2023-07-16,Line 3,6.47,63.74,51.06,12437,408.13,19.69,0.56,82.97,3,166.8,3.26,1.56
2023-07-17,Line 3,3.97,66.13,79.08,19384,357.04,15.03,1.21,93.92,15,246.43,4.76,1.88
2023-07-18,Line 1,5.75,65.58,85.37,3783,522.94,22.09,1.64,87.66,4,261.71,3.65,1.63
2023-07-19,Line 1,6.77,74.04,60.26,3079,338.83,12.4,1.78,94.48,6,232.59,3.89,1.7
2023-07-20,Line 1,3.83,81.24,68.02,6161,434.38,20.16,0.35,98.05,28,276.74,4.88,2.85
2023-07-21,Line 1,5.2,79.32,56.05,2818,436.26,20.16,0.26,93.31,4,116.24,4.29,1.91
2023-07-22,Line 3,1.7,67.54,83.7,14478,426.52,18.9,0.5,74.0,17,254.17,2.79,1.91
2023-07-23,Line 3,8.81,75.73,63.2,17918,415.39,17.46,0.14,86.07,4,248.03,4.97,2.81
2023-07-24,Line 3,4.17,70.07,58.29,9791,387.04,14.18,0.47,84.79,3,172.51,3.92,0.7
2023-07-25,Line 3,4.97,80.0,61.21,10228,401.49,14.46,1.01,88.21,25,156.19,2.69,2.65
2023-07-26,Line 2,5.2,71.28,72.89,4729,487.54,21.93,0.61,96.5,7,143.99,3.52,3.51
2023-07-27,Line 2,9.01,74.08,82.62,10090,342.25,10.09,0.32,82.87,28,152.52,3.25,1.08
2023-07-28,Line 2,4.66,77.04,70.08,11695,371.36,13.19,0.29,78.18,28,260.01,2.12,2.93
2023-07-29,Line 3,4.9,71.66,54.01,10316,493.13,20.93,0.21,92.98,4,266.63,6.43,2.39
2023-07-30,Line 1,6.86,74.13,71.77,6714,475.38,20.32,0.53,87.91,7,253.61,5.55,0.68
2023-07-31,Line 3,3.26,80.12,60.25,5022,348.33,11.19,0.09,80.08,26,169.16,4.12,1.62
2023-08-01,Line 2,2.17,87.16,65.61,11204,437.54,21.42,0.58,84.46,22,226.05,5.86,1.79
2023-08-02,Line 1,7.91,73.55,58.61,6306,446.37,22.03,0.29,88.79,5,276.3,8.18,3.55
2023-08-03,Line 3,2.03,66.08,65.85,19016,418.52,18.7,0.27,84.12,14,165.03,3.12,1.94
2023-08-04,Line 1,6.12,64.48,52.32,7960,500.18,21.16,0.9,90.81,19,160.02,4.65,1.5
2023-08-05,Line 2,6.87,84.21,52.9,17143,422.82,19.42,0.53,94.57,4,145.55,1.95,3.23
2023-08-06,Line 3,8.48,70.09,52.58,19870,308.1,9.74,1.12,88.38,24,190.98,7.63,1.66
2023-08-07,Line 3,3.05,68.6,61.62,8198,421.42,18.25,0.48,84.65,26,125.38,2.71,1.83
2023-08-08,Line 3,2.02,72.92,90.17,5881,460.53,19.51,1.17,95.65,24,198.66,6.51,1.1
2023-08-09,Line 1,1.58,69.01,69.24,17877,364.1,14.66,0.49,96.65,21,214.06,1.98,2.15
2023-08-10,Line 2,7.71,73.39,52.08,8207,355.03,13.8,0.06,91.5,26,237.68,2.84,3.35
2023-08-11,Line 3,5.56,80.34,54.19,17430,300.83,9.18,0.89,91.96,7,116.91,1.12,3.23
2023-08-12,Line 1,5.25,82.9,56.45,5876,361.66,13.13,0.87,90.65,5,189.9,6.22,2.73
2023-08-13,Line 2,5.8,87.23,65.04,3367,493.01,22.0,0.31,91.03,23,274.03,8.05,3.8
2023-08-14,Line 1,6.69,83.4,76.66,4184,424.47,19.6,0.83,88.86,23,248.68,2.07,2.86
2023-08-15,Line 2,7.44,66.46,93.3,11969,364.92,13.88,1.32,88.05,24,219.86,5.96,4.46
2023-08-16,Line 1,8.24,85.04,53.21,16187,341.39,13.32,1.17,92.07,21,117.86,6.45,1.83
2023-08-17,Line 2,4.48,63.36,59.3,14836,346.09,11.41,0.44,95.18,2,168.09,3.11,2.01
2023-08-18,Line 2,3.93,60.3,57.29,9126,367.17,13.85,0.24,85.23,24,179.19,2.64,1.91
2023-08-19,Line 2,7.76,66.15,58.92,11364,437.85,20.68,0.58,77.12,21,157.78,1.94,1.41
2023-08-20,Line 1,2.22,71.43,64.64,19120,360.01,11.07,0.21,72.62,7,233.14,1.17,3.79
2023-08-21,Line 3,5.39,77.61,80.0,4543,360.79,13.64,0.77,98.47,3,276.13,6.92,1.88
2023-08-22,Line 3,7.97,69.61,68.89,9026,456.67,17.97,0.78,84.39,19,212.55,7.94,0.95
2023-08-23,Line 3,6.36,61.06,65.19,11069,282.22,6.97,0.24,88.64,9,217.37,2.28,3.23
2023-08-24,Line 2,8.52,86.47,72.98,6588,293.41,8.67,0.43,94.81,4,163.33,4.63,3.41
2023-08-25,Line 3,3.19,71.14,60.89,14191,442.82,19.96,1.67,95.69,26,126.18,2.61,1.82
2023-08-26,Line 2,2.94,75.07,73.93,5295,388.09,16.57,0.91,76.67,26,245.98,6.29,1.44
2023-08-27,Line 2,2.76,77.19,75.22,14997,345.88,13.02,0.37,98.11,19,198.65,1.48,2.35
2023-08-28,Line 1,4.28,67.56,70.9,18669,391.23,18.04,0.92,90.77,14,159.33,8.19,1.91
2023-08-29,Line 1,5.79,66.25,66.05,4409,325.39,9.88,0.23,94.33,24,154.6,3.86,2.19
2023-08-30,Line 2,4.11,71.1,58.07,10715,342.81,13.65,0.24,98.45,28,239.97,4.54,2.25
2023-08-31,Line 2,3.81,69.87,65.35,3666,365.08,14.04,0.01,89.49,11,200.99,6.51,2.31
2023-09-01,Line 2,1.65,77.89,80.37,8005,336.02,12.69,0.16,97.67,2,217.43,4.09,1.59
2023-09-02,Line 3,2.99,79.25,66.39,5237,318.48,10.0,0.07,90.66,24,234.6,4.5,1.96
2023-09-03,Line 3,3.83,64.15,50.42,5851,374.12,16.59,0.32,90.83,30,191.42,4.74,1.53
2023-09-04,Line 3,7.05,82.68,76.41,8900,459.1,17.87,0.58,94.47,18,194.59,2.58,2.06
2023-09-05,Line 2,4.72,71.22,80.37,13541,391.85,13.35,0.42,90.77,13,254.96,2.13,3.43
2023-09-06,Line 1,2.4,69.22,86.56,9081,329.51,10.48,0.58,89.26,21,207.08,2.33,1.58
2023-09-07,Line 2,5.2,81.41,58.7,9824,408.32,15.41,0.65,92.6,8,208.64,4.65,3.09
2023-09-08,Line 1,4.07,61.17,74.04,3532,354.32,11.33,0.58,89.31,4,163.73,4.05,2.59
2023-09-09,Line 1,9.49,66.0,74.99,12174,369.71,11.86,0.24,89.07,4,195.52,2.84,0.99
2023-09-10,Line 3,8.76,86.44,77.61,5632,533.64,22.45,0.04,80.98,11,233.15,4.11,1.96
2023-09-11,Line 3,5.05,64.02,73.85,17364,368.71,12.34,0.32,93.54,12,193.45,3.88,2.1
2023-09-12,Line 1,3.8,76.55,57.73,10425,447.77,21.25,0.36,98.49,16,247.16,3.11,1.68
2023-09-13,Line 1,8.03,78.79,58.35,8617,468.83,18.35,0.26,95.56,23,173.8,7.36,3.0
2023-09-14,Line 2,8.05,75.16,71.1,13755,470.4,20.87,0.43,86.74,4,252.18,3.09,0.95
2023-09-15,Line 2,2.27,69.13,74.87,16130,424.37,15.15,0.01,93.18,14,173.07,3.92,1.0
2023-09-16,Line 2,4.24,93.94,65.3,10611,424.37,22.14,0.84,96.8,7,195.47,7.77,4.07
2023-09-17,Line 2,5.62,63.16,73.78,12905,484.04,19.23,1.0,81.27,28,241.54,4.7,1.03
2023-09-18,Line 1,3.6,63.73,85.21,11667,347.77,10.03,0.46,96.28,11,228.94,5.14,0.99
2023-09-19,Line 3,4.76,69.62,58.26,7299,466.81,20.15,0.21,98.76,27,161.22,4.75,2.86
2023-09-20,Line 1,1.08,75.24,68.72,7005,470.6,22.73,0.31,83.31,18,256.82,2.24,2.79
2023-09-21,Line 1,7.33,72.63,94.89,17488,446.72,21.1,0.01,76.28,12,266.5,3.54,1.77
2023-09-22,Line 3,7.08,72.23,76.72,11393,433.93,20.41,0.89,91.57,4,263.82,4.17,2.53
2023-09-23,Line 3,3.59,80.28,64.62,3045,432.99,20.37,0.97,77.25,7,171.78,2.68,2.12
2023-09-24,Line 2,5.52,77.88,61.54,7953,353.99,11.61,1.69,84.99,20,207.78,7.04,0.66
2023-09-25,Line 2,7.61,70.66,58.65,5446,341.4,10.94,0.58,87.27,1,231.53,3.24,4.06
2023-09-26,Line 2,5.75,73.29,62.08,2558,375.22,16.18,0.38,80.43,28,244.57,2.9,3.81
2023-09-27,Line 1,5.95,67.23,55.66,3325,413.54,16.85,0.29,84.59,2,224.03,3.13,3.08
